time,west_sst,east_sst,raw_contrast,zsci,zsci_smoothed
1870-01-01,28.476524,24.382267,-4.0942574,-1.0602593,
1870-02-01,27.771465,25.287079,-2.4843864,-0.38253546,
1870-03-01,27.946625,26.373034,-1.5735912,0.04768288,-0.14861387014389033
1870-04-01,28.093096,26.66687,-1.4262257,0.1744659,-0.04658092061678569
1870-05-01,28.416912,25.893658,-2.5232544,-0.28962994,-0.10776959856351218
1870-06-01,28.26175,25.350988,-2.9107609,-0.148458,-0.19822841882705688
1870-07-01,28.186264,24.54741,-3.638855,-0.260422,-0.2547901670138041
1870-08-01,28.194805,24.088472,-4.106333,-0.30921912,-0.3382633328437805
1870-09-01,28.471954,24.08796,-4.383995,-0.35313272,-0.47480297088623047
1870-10-01,28.67336,23.730263,-4.943098,-0.83316135,-0.5800560315450033
1870-11-01,28.683468,23.997913,-4.6855545,-0.59754133,-0.5450301766395569
1870-12-01,28.449762,24.26374,-4.186022,-0.46678567,-0.3668978611628214
1871-01-01,28.321615,25.390394,-2.931221,0.102777004,-0.19530706604321796
1871-02-01,28.247255,25.927227,-2.3200283,-0.21817732,-0.13196322321891785
1871-03-01,28.357885,26.634249,-1.7236366,-0.10236251,-0.1668250759442647
1871-04-01,28.658075,26.812077,-1.8459988,-0.2453072,-0.19725462794303894
1871-05-01,28.654062,26.115664,-2.5383987,-0.30477428,-0.14375872413317362
1871-06-01,28.538677,25.830135,-2.7085419,0.053761005,-0.01829773187637327
1871-07-01,28.253681,25.046242,-3.2074394,0.17099357,0.11645283301671347
1871-08-01,28.243633,24.658552,-3.585081,0.21203256,0.1849929690361023
1871-09-01,28.372147,24.562138,-3.810009,0.22085333,0.18246857325236002
1871-10-01,28.56677,24.599318,-3.967453,0.14248371,0.12675921122233072
1871-11-01,28.720089,24.703743,-4.016346,0.071667194,0.01753848791122435
1871-12-01,28.429602,24.571947,-3.8576546,-0.13841844,-0.12759745121002197
1872-01-01,28.260038,24.916784,-3.343254,-0.30925608,-0.26130879918734234
1872-02-01,28.18213,25.673067,-2.5090637,-0.40721273,-0.3292994201183319
1872-03-01,28.391483,26.436754,-1.9547291,-0.33345497,-0.32016462087631226
1872-04-01,28.396875,26.539993,-1.8568821,-0.25619054,-0.24822359283765155
1872-05-01,28.6266,26.184286,-2.4423141,-0.20868969,-0.1268197198708852
1872-06-01,28.436277,25.7537,-2.6825771,0.07972574,-0.01345417896906533
1872-07-01,28.324793,25.122131,-3.2026615,0.17577147,0.010724365711212151
1872-08-01,28.105064,24.182543,-3.9225216,-0.12540793,-0.0843225916226705
1872-09-01,28.248302,23.988783,-4.2595196,-0.22865725,-0.2258396148681641
1872-10-01,28.44669,23.905445,-4.5412445,-0.4313078,-0.3160591125488281
1872-11-01,28.538872,24.149788,-4.389084,-0.3010707,-0.34915564457575476
1872-12-01,28.360783,24.28866,-4.0721226,-0.35288644,-0.38334794839223224
1873-01-01,28.241552,24.80321,-3.438343,-0.40434504,-0.475963403781255
1873-02-01,28.03047,25.287544,-2.7429256,-0.64107466,-0.5698629717032115
1873-03-01,28.044807,25.612307,-2.4325008,-0.8112267,-0.5598279039065043
1873-04-01,28.391508,26.516361,-1.8751469,-0.2744553,-0.4068312346935272
1873-05-01,28.66704,26.111322,-2.5557175,-0.322093,-0.17515225211779273
1873-06-01,28.429514,25.924091,-2.5054226,0.25688028,0.0035523772239685197
1873-07-01,28.416254,25.088318,-3.3279362,0.050496817,0.08200961351394653
1873-08-01,28.327547,24.634785,-3.6927624,0.10435128,0.05094911654790242
1873-09-01,28.428305,24.417969,-4.010336,0.02052641,-0.06550184885660809
1873-10-01,28.447311,24.061409,-4.3859024,-0.2759657,-0.2228662172953288
1873-11-01,28.58488,24.093086,-4.4917946,-0.4037814,-0.39595101277033484
1873-12-01,28.484911,24.240557,-4.2443542,-0.5251181,-0.5564142465591431
1874-01-01,28.285818,24.498259,-3.7875595,-0.7535615,-0.683903823296229
1874-02-01,28.058722,25.128366,-2.930355,-0.8285041,-0.735204666852951
1874-03-01,28.095734,25.746508,-2.349226,-0.7279519,-0.6620897650718689
1874-04-01,28.52544,26.385967,-2.139473,-0.5387814,-0.49143279592196143
1874-05-01,28.666872,26.255396,-2.4114761,-0.17785168,-0.34125593304634094
1874-06-01,28.57613,25.617674,-2.958456,-0.19615316,-0.3141208291053772
1874-07-01,28.356607,24.527266,-3.829342,-0.4509089,-0.37126225233078003
1874-08-01,28.183668,23.82678,-4.356888,-0.55977416,-0.3847412864367167
1874-09-01,28.066984,23.830244,-4.23674,-0.20587778,-0.3203198115030924
1874-10-01,28.145584,23.824362,-4.3212223,-0.21128559,-0.26936133702596027
1874-11-01,28.243876,23.899624,-4.3442516,-0.25623846,-0.28754367431004846
1874-12-01,28.315897,24.15559,-4.160307,-0.4410708,-0.29900801181793213
1875-01-01,28.242785,24.946163,-3.2966213,-0.2626233,-0.2353828450043996
1875-02-01,28.111435,25.953642,-2.157793,-0.05594206,-0.12652060389518735
1875-03-01,28.106918,26.45882,-1.648098,-0.026823878,-0.06978903214136759
1875-04-01,28.206123,26.620365,-1.5857582,0.014933348,-0.07869288325309755
1875-05-01,28.515589,25.93744,-2.578148,-0.34452343,-0.0731555124123891
1875-06-01,28.306505,25.710138,-2.596367,0.165936,-0.032327711582183824
1875-07-01,28.08503,24.69104,-3.3939896,-0.015556574,0.0040626327196756976
1875-08-01,28.014227,24.230743,-3.7834835,0.013630152,-0.030195852120717365
1875-09-01,28.153852,24.039793,-4.1140594,-0.08319712,-0.13802035649617514
1875-10-01,28.432287,24.035805,-4.3964825,-0.28654575,-0.2706969579060873
1875-11-01,28.663027,24.085861,-4.5771656,-0.48915243,-0.38679176568984985
1875-12-01,28.315285,24.197287,-4.117998,-0.398762,-0.4856044054031372
1876-01-01,28.049692,24.469923,-3.5797691,-0.5457711,-0.6076306998729706
1876-02-01,27.96739,25.02465,-2.9427395,-0.8408885,-0.7435245215892792
1876-03-01,28.28341,25.761755,-2.5216541,-0.90038,-0.824032723903656
1876-04-01,28.377224,25.955008,-2.4222164,-0.82152486,-0.7538081506888071
1876-05-01,28.598904,25.611418,-2.987486,-0.7538614,-0.4947610994180043
1876-06-01,28.41337,25.695082,-2.7182884,0.044014454,-0.13338190317153925
1876-07-01,28.204826,25.137617,-3.0672092,0.31122375,0.19495326280593872
1876-08-01,28.189201,24.764885,-3.4243164,0.37279725,0.41302698850631714
1876-09-01,28.331553,24.89866,-3.4328918,0.5979705,0.5466855367024739
1876-10-01,28.626492,25.210093,-3.416399,0.6935377,0.6201936403910319
1876-11-01,28.733936,25.304039,-3.4298973,0.65811586,0.6102752089500427
1876-12-01,28.67888,25.486761,-3.1921196,0.52711654,0.5165051221847534
1877-01-01,28.464197,25.861105,-2.6030922,0.43090582,0.39153038462003065
1877-02-01,28.628016,26.655157,-1.9728584,0.12899256,0.313597708940506
1877-03-01,28.608582,27.335606,-1.2729759,0.3482982,0.3261207540829977
1877-04-01,28.738787,27.520569,-1.2182178,0.3824737,0.4060550034046173
1877-05-01,28.955921,27.277248,-1.6786728,0.55495167,0.5459135870138804
1877-06-01,29.02152,26.76324,-2.2582798,0.5040231,0.7956480383872986
1877-07-01,28.85823,26.803165,-2.0550652,1.3233678,1.1485520799954734
1877-08-01,28.745632,26.46277,-2.2828617,1.514252,1.508093218008677
1877-09-01,28.979506,26.82802,-2.1514854,1.8793769,1.7634172439575193
1877-10-01,29.183174,27.001091,-2.1820831,1.9278536,1.9202664693196614
1877-11-01,29.311623,27.217424,-2.0941982,1.993815,2.0407110253969827
1877-12-01,29.215881,27.694601,-1.5212803,2.1979558,2.1335656245549517
1878-01-01,28.959703,28.182173,-0.77753067,2.2564673,2.089381883541743
1878-02-01,28.826622,28.857035,0.030412674,2.1322637,1.7848948140939076
1878-03-01,28.822672,28.263638,-0.55903435,1.0622398,1.3091685573259988
1878-04-01,29.037344,28.172258,-0.8650856,0.73560596,0.8857870399951934
1878-05-01,29.187834,27.555197,-1.632637,0.60098743,0.6518688698609669
1878-06-01,29.234076,27.036848,-2.1972275,0.5650754,0.534647246201833
1878-07-01,28.74037,25.81613,-2.92424,0.45419288,0.41303473711013794
1878-08-01,28.445099,24.902304,-3.5427952,0.25431848,0.2630170385042826
1878-09-01,28.451548,24.501162,-3.950386,0.080476284,0.07538795471191405
1878-10-01,28.546415,24.406326,-4.140089,-0.03015232,-0.14039929707845056
1878-11-01,28.788681,24.156727,-4.631954,-0.543941,-0.32308552662531537
1878-12-01,28.619608,24.472265,-4.1473427,-0.42810655,-0.3985658884048462
1879-01-01,28.603474,25.162514,-3.44096,-0.40696192,-0.3568982779979706
1879-02-01,28.448612,26.159258,-2.2893543,-0.18750334,-0.28059908747673035
1879-03-01,28.595156,26.70972,-1.8854351,-0.264161,-0.2552575469017029
1879-04-01,28.608614,26.832222,-1.776392,-0.17570043,-0.2635227541128794
1879-05-01,28.742657,25.999159,-2.7434978,-0.5098734,-0.21829472978909809
1879-06-01,28.48869,25.776522,-2.7121677,0.050135136,-0.10353746016820269
1879-07-01,28.311558,24.993938,-3.3176193,0.060813665,0.004991988341013599
1879-08-01,28.17309,24.455866,-3.7172241,0.079889536,0.02774669726689656
1879-09-01,28.305714,24.2113,-4.0944138,-0.063551426,-0.018012523651123054
1879-10-01,28.30236,24.163904,-4.1384563,-0.02851963,-0.08558082580566406
1879-11-01,28.33875,24.07387,-4.264881,-0.17686796,-0.18926515181859332
1879-12-01,28.340515,24.349756,-3.990759,-0.27152276,-0.31295979022979736
1880-01-01,28.40099,24.76696,-3.6340294,-0.6000314,-0.3815707862377167
1880-02-01,28.324837,25.912777,-2.4120598,-0.3102088,-0.3517908751964569
1880-03-01,28.356304,26.478369,-1.8779354,-0.2566613,-0.2585591673851013
1880-04-01,28.539322,26.799576,-1.7397461,-0.13905454,-0.16417118906974792
1880-05-01,28.640806,26.278938,-2.361868,-0.12824345,-0.06572925051053363
1880-06-01,28.421267,25.71005,-2.711216,0.051086903,0.08214928706487021
1880-07-01,28.31221,25.178564,-3.133646,0.24478698,0.29966384172439575
1880-08-01,28.17298,24.946733,-3.2262459,0.5708678,0.5400495727856954
1880-09-01,28.306759,25.155094,-3.1516647,0.8791976,0.6979640324910481
1880-10-01,28.622618,25.286764,-3.3358536,0.77408314,0.6797458330790201
1880-11-01,28.889652,25.380777,-3.508875,0.5791383,0.5044429500897725
1880-12-01,28.852331,25.247837,-3.604494,0.11474204,0.29570599397023517
1881-01-01,28.633442,25.790533,-2.8429089,0.19108915,0.14308916529019672
1881-02-01,28.492167,26.395054,-2.0971127,0.004738331,0.06517667571703592
1881-03-01,28.740484,27.134344,-1.6061401,0.015133977,0.01829789082209269
1881-04-01,29.025387,27.45445,-1.5709362,0.029755354,-0.0037467976411183768
1881-05-01,29.245373,26.876217,-2.369156,-0.13553143,0.014676461617151915
1881-06-01,28.96854,26.398708,-2.5698318,0.19247103,0.03268522024154664
1881-07-01,28.66136,25.319357,-3.3420029,0.03643012,0.014744261900583894
1881-08-01,28.566193,24.658966,-3.9072266,-0.110112906,-0.039696673552195236
1881-09-01,28.57365,24.462456,-4.1111946,-0.08033228,-0.08823871612548828
1881-10-01,28.783789,24.577179,-4.2066097,-0.09667301,-0.11218563715616861
1881-11-01,28.743292,24.50167,-4.241621,-0.15360785,-0.14230050643285114
1881-12-01,28.645378,24.77854,-3.8668385,-0.14760232,-0.20232959588368732
1882-01-01,28.438187,25.124172,-3.3140144,-0.28001642,-0.29060901204744977
1882-02-01,28.279951,25.7381,-2.541851,-0.44000006,-0.3432615300019582
1882-03-01,28.505203,26.433102,-2.0721016,-0.45082748,-0.295377512772878
1882-04-01,28.84844,27.228745,-1.6196957,-0.019004107,-0.21562207738558448
1882-05-01,29.012302,26.694487,-2.3178158,-0.08419132,-0.23557785153388977
1882-06-01,28.857271,25.628576,-3.228695,-0.46639204,-0.3689774473508199
1882-07-01,28.598688,24.637102,-3.961586,-0.583153,-0.451884925365448
1882-08-01,28.60853,24.270292,-4.338238,-0.5411241,-0.37311424811681104
1882-09-01,28.400415,24.386286,-4.0141296,0.016732693,-0.24321301778157547
1882-10-01,28.606348,24.34919,-4.2571583,-0.14722157,-0.19925483067830402
1882-11-01,28.584469,24.159159,-4.42531,-0.33729696,-0.26702648401260376
1882-12-01,28.401781,24.38319,-4.018591,-0.2993548,-0.37629759311676025
1883-01-01,28.464178,24.898046,-3.5661316,-0.5321336,-0.44475759069124854
1883-02-01,28.399534,25.735044,-2.6644897,-0.56263876,-0.4195569058259328
1883-03-01,28.425962,26.51941,-1.9065533,-0.28527915,-0.28883165121078486
1883-04-01,28.649385,27.01616,-1.6332264,-0.032534838,-0.10883932312329608
1883-05-01,28.77312,26.532288,-2.2408333,-0.007208824,0.054194976886113494
1883-06-01,28.726171,26.228039,-2.4981327,0.26417017,0.1686802903811137
1883-07-01,28.668486,25.5596,-3.1088848,0.26954818,0.22238188982009888
1883-08-01,28.401335,24.81722,-3.584114,0.21299958,0.19790571928024292
1883-09-01,28.499685,24.634912,-3.8647728,0.16608953,0.12929439544677732
1883-10-01,28.73405,24.575901,-4.1581497,-0.048213005,0.07412052154541016
1883-11-01,28.832424,24.867678,-3.9647465,0.1232667,0.042409042517344155
1883-12-01,28.621046,24.90304,-3.7180061,0.0012300014,0.023299574851989743
1884-01-01,28.460476,25.41718,-3.0432968,-0.009298801,0.02326952417691548
1884-02-01,28.370502,26.249636,-2.1208668,-0.019015789,0.0921329160531362
1884-03-01,28.60148,27.226727,-1.374754,0.24652016,0.21682204802831015
1884-04-01,28.856636,27.724709,-1.1319275,0.46876407,0.3081713020801544
1884-05-01,29.23706,27.279274,-1.9577866,0.2758379,0.3364870250225067
1884-06-01,28.79434,26.306978,-2.487362,0.27494097,0.3493359287579854
1884-07-01,28.672724,25.751148,-2.9215755,0.45685744,0.3910941878954569
1884-08-01,28.591154,25.219458,-3.3716965,0.42541718,0.45365558067957557
1884-09-01,28.66878,25.126705,-3.5420742,0.48878813,0.531096617380778
1884-10-01,28.748434,25.268818,-3.4796162,0.63032055,0.6301549275716146
1884-11-01,28.772163,25.478086,-3.294077,0.79393625,0.6939041813214619
1884-12-01,28.694637,25.742388,-2.9522495,0.7669866,0.643493374188741
1885-01-01,28.487251,25.923649,-2.5636024,0.47039557,0.46891803542772925
1885-02-01,28.445528,26.574335,-1.8711929,0.23065805,0.25239852070808405
1885-03-01,28.671818,27.009108,-1.6627102,-0.041436076,0.09319724639256795
1885-04-01,28.74391,27.195503,-1.5484066,0.052284956,0.02426786224047342
1885-05-01,29.14466,26.875923,-2.2687378,-0.035113335,0.029141475756963093
1885-06-01,28.780203,26.098965,-2.6812382,0.0810647,0.0816017190615336
1885-07-01,28.5131,25.266205,-3.2468948,0.13153815,0.1898374358812968
1885-08-01,28.504171,25.02046,-3.4837112,0.3134024,0.33810601631800336
1885-09-01,28.652576,25.225323,-3.4272537,0.6036086,0.4725812276204427
1885-10-01,28.90912,25.316341,-3.5927792,0.51715755,0.5640703837076823
1885-11-01,28.995705,25.541014,-3.454691,0.63332224,0.5264763236045837
1885-12-01,28.903925,25.860708,-3.0432167,0.67601943,0.2731028000513712
1886-01-01,28.69266,25.259949,-3.4327106,-0.39871264,-0.1366020540396373
1886-02-01,28.528238,25.778557,-2.7496815,-0.6478305,-0.5079909662405651
1886-03-01,28.784208,26.400671,-2.3835373,-0.7622632,-0.6912365953127542
1886-04-01,28.970135,26.671782,-2.2983532,-0.69766164,-0.7375578582286835
1886-05-01,28.856697,25.812475,-3.0442219,-0.8105974,-0.7121819953123729
1886-06-01,28.556967,25.101028,-3.4559383,-0.69363546,-0.6326235731442769
1886-07-01,28.274105,24.528032,-3.7460728,-0.36763978,-0.5418760180473328
1886-08-01,28.260489,23.878807,-4.3816814,-0.5845678,-0.4740730722745259
1886-09-01,28.295311,23.877703,-4.4176083,-0.38674593,-0.447391668955485
1886-10-01,28.417727,23.913977,-4.50375,-0.39381313,-0.45750061670939124
1886-11-01,28.47508,23.868134,-4.606947,-0.5189338,-0.4804293910662333
1886-12-01,28.180555,23.848171,-4.332384,-0.613148,-0.5190764665603638
1887-01-01,28.115509,24.799723,-3.3157864,-0.28178835,-0.6067925790945689
1887-02-01,28.315956,25.233759,-3.0821972,-0.9803462,-0.708544542392095
1887-03-01,28.346275,25.87006,-2.4762154,-0.85494125,-0.7266385753949484
1887-04-01,28.433447,26.274942,-2.1585045,-0.5578129,-0.5752141972382863
1887-05-01,28.615482,25.978226,-2.6372566,-0.40363216,-0.3171448210875193
1887-06-01,28.59125,25.913694,-2.677555,0.08474779,-0.12037140130996701
1887-07-01,28.480745,25.18524,-3.2955055,0.082927465,-0.03515436251958212
1887-08-01,28.392363,24.331728,-4.0606346,-0.26352096,-0.004624664783477783
1887-09-01,28.435808,24.591335,-3.844473,0.18638945,0.04783519109090171
1887-10-01,28.693478,24.68943,-4.0040474,0.10588932,0.13833157221476236
1887-11-01,28.804302,24.934721,-3.8695812,0.21843195,0.21221250295639038
1887-12-01,28.642227,25.20847,-3.4337578,0.28547835,0.2521620194117228
1888-01-01,28.487339,25.76567,-2.7216682,0.31232977,0.25004183252652484
1888-02-01,28.604221,26.688227,-1.9159946,0.18585634,0.22107985615730286
1888-03-01,28.741941,27.239414,-1.5025272,0.11874688,0.2583277026812235
1888-04-01,28.845823,27.575956,-1.269867,0.3308246,0.4318849543730418
1888-05-01,28.983892,27.51284,-1.4710522,0.7625723,0.6731461385885875
1888-06-01,28.702251,26.969456,-1.7327957,1.0295072,0.8491361339886982
1888-07-01,28.64257,26.09186,-2.5507107,0.8277223,0.9702030618985493
1888-08-01,28.530966,25.703749,-2.827217,0.96989655,1.1419790784517923
1888-09-01,28.424147,25.964048,-2.4600983,1.5707641,1.3940785725911458
1888-10-01,28.98974,26.479,-2.5107403,1.5991964,1.606377124786377
1888-11-01,29.364784,27.187656,-2.1771278,1.9108853,1.693274915218353
1888-12-01,29.12485,26.870508,-2.2543411,1.464895,1.6863629420598347
1889-01-01,28.75449,27.633211,-1.1212788,1.9127192,1.5588019986947375
1889-02-01,28.556782,27.761696,-0.7950859,1.3067651,1.292765806118647
1889-03-01,28.66948,27.877087,-0.79239273,0.8288814,0.9364429116249083
1889-04-01,28.787933,27.783674,-1.0042591,0.59643245,0.6184684733549755
1889-05-01,29.004036,27.06989,-1.9341469,0.29947758,0.3854103585084279
1889-06-01,28.76163,26.343376,-2.418253,0.34404993,0.14757484197616572
1889-07-01,28.483044,24.881296,-3.6017475,-0.22331452,-0.09997083743413293
1889-08-01,28.297592,24.070255,-4.227337,-0.43022323,-0.2963380614916483
1889-09-01,28.41799,24.039778,-4.378212,-0.34734964,-0.38070138295491535
1889-10-01,28.346851,23.769693,-4.577158,-0.46722126,-0.35622851053873694
1889-11-01,28.436363,24.08498,-4.351383,-0.26337004,-0.3234342535336812
1889-12-01,28.161438,24.298727,-3.862711,-0.14347482,-0.3633403380711873
1890-01-01,27.602446,23.920155,-3.682291,-0.648293,-0.4473792413870493
1890-02-01,27.589489,24.903664,-2.6858253,-0.58397436,-0.4934819241364797
1890-03-01,28.08753,26.136595,-1.9509354,-0.32966125,-0.473200261592865
1890-04-01,28.378157,26.268917,-2.1092396,-0.508548,-0.4172499676545461
1890-05-01,28.575714,25.908192,-2.6675224,-0.43389797,-0.33275472124417615
1890-06-01,28.2665,25.406042,-2.8604584,-0.0981555,-0.21665420134862262
1890-07-01,28.146278,24.660152,-3.486126,-0.10769296,-0.10806483030319214
1890-08-01,27.811289,23.940268,-3.8710213,-0.073907614,-0.055486659208933496
1890-09-01,27.872948,23.926167,-3.9467812,0.08408117,-0.06994803746541342
1890-10-01,28.218224,23.907068,-4.3111553,-0.2012186,-0.12365452448527019
1890-11-01,28.356401,24.025759,-4.3306427,-0.24262953,-0.15709644556045532
1890-12-01,28.415138,24.566475,-3.8486633,-0.1294272,-0.12105206648508707
1891-01-01,28.322874,25.282093,-3.040781,-0.0067830086,-0.03253981471061705
1891-02-01,28.25675,26.16944,-2.0873108,0.014540195,0.09180199106534323
1891-03-01,28.46891,27.07158,-1.3973293,0.22394478,0.2594477931658427
1891-04-01,28.651932,27.572645,-1.0792866,0.521405,0.4586623807748159
1891-05-01,28.885588,27.268505,-1.6170826,0.61654186,0.6439436773459116
1891-06-01,28.701206,26.821232,-1.8799744,0.8823285,0.7447747588157654
1891-07-01,28.42751,25.875088,-2.5524216,0.8260114,0.7088897824287415
1891-08-01,28.333052,25.094856,-3.2381954,0.55891824,0.5377111633618672
1891-09-01,28.458517,24.690004,-3.7685127,0.2623496,0.32436736424763996
1891-10-01,28.789474,24.748987,-4.0404873,0.069449425,0.1764868100484212
1891-11-01,28.925013,24.968895,-3.9561176,0.13189554,0.10385888814926147
1891-12-01,28.743633,25.122787,-3.6208458,0.09839034,0.04274102052052815
1892-01-01,28.347914,25.266771,-3.0811424,-0.047144413,-0.04950075348218283
1892-02-01,28.302034,25.995811,-2.306223,-0.20437193,-0.1379214624563853
1892-03-01,28.290375,26.449718,-1.8406563,-0.21938217,-0.20299889643987018
1892-04-01,28.386423,26.649351,-1.737072,-0.13638043,-0.25680872797966003
1892-05-01,28.809975,26.087294,-2.722681,-0.4890566,-0.2723739445209503
1892-06-01,28.626019,25.65722,-2.9687977,-0.20649481,-0.22622416416803992
1892-07-01,28.327297,24.884611,-3.442686,-0.06425309,-0.16387162605921424
1892-08-01,28.187168,24.297653,-3.889515,-0.092401266,-0.19953598578770954
1892-09-01,28.182955,23.82839,-4.3545647,-0.32370234,-0.35876099268595374
1892-10-01,28.159145,23.394743,-4.7644024,-0.6544657,-0.5541674296061198
1892-11-01,28.30961,23.516129,-4.793482,-0.70546865,-0.7324953675270081
1892-12-01,28.441519,23.87005,-4.5714684,-0.8522322,-0.8791678349177042
1893-01-01,28.368694,24.210423,-4.158272,-1.1242738,-0.9585173626740773
1893-02-01,28.206501,25.107258,-3.0992432,-0.9973922,-0.9098955492178599
1893-03-01,28.301058,25.929012,-2.3720455,-0.7507714,-0.7382147510846455
1893-04-01,28.277597,26.225096,-2.0525017,-0.45181012,-0.5325995783011118
1893-05-01,28.449444,25.832209,-2.6172352,-0.38361073,-0.3591498831907908
1893-06-01,28.328241,25.382523,-2.9457188,-0.18341589,-0.2299690842628479
1893-07-01,28.058628,24.561289,-3.4973392,-0.11890626,-0.12427030007044473
1893-08-01,27.906075,24.042356,-3.863718,-0.066604376,-0.03675061464309691
1893-09-01,27.937082,24.024273,-3.9128094,0.11805296,0.01787106196085612
1893-10-01,28.099482,24.00093,-4.098551,0.011385918,0.023869355519612633
1893-11-01,28.266628,24.205418,-4.0612106,0.02680254,-0.011971056461334239
1893-12-01,28.225859,24.379549,-3.8463097,-0.12707353,-0.04528534412384033
1894-01-01,27.976732,24.920881,-3.055851,-0.02185297,-0.05431124567985535
1894-02-01,27.738926,25.57571,-2.1632156,-0.06136465,-0.04448792338371277
1894-03-01,27.90517,26.258085,-1.6470852,-0.025811076,-0.04352690776189168
1894-04-01,28.22713,26.608109,-1.6190224,-0.018330812,-0.04509032766024272
1894-05-01,28.475481,26.083717,-2.3917637,-0.15813923,-0.015160034100214631
1894-06-01,28.333895,25.717047,-2.616848,0.14545488,0.0339917540550232
1894-07-01,28.268888,24.98553,-3.2833576,0.09507537,0.06608881553014119
1894-08-01,28.14604,24.38253,-3.7635098,0.033603907,0.05521490176518758
1894-09-01,28.11518,24.118044,-3.9971352,0.03372717,0.017265796661376953
1894-10-01,28.380665,24.267029,-4.113636,-0.0036993027,-0.020806312561035163
1894-11-01,28.422977,24.222456,-4.2005215,-0.1125083,-0.05294853448867798
1894-12-01,28.378866,24.627491,-3.7513752,-0.032139063,-0.0843430757522583
1895-01-01,28.14228,24.996721,-3.1455593,-0.1115613,-0.11581290761629742
1895-02-01,28.144587,25.835083,-2.3095036,-0.20765257,-0.1085317631562551
1895-03-01,28.260393,26.527493,-1.7329006,-0.111626506,-0.007463554541269922
1895-04-01,28.475838,27.105078,-1.37076,0.2299316,0.1573311785856883
1895-05-01,28.670406,26.83845,-1.8319569,0.4016676,0.28266021609306335
1895-06-01,28.611765,26.15524,-2.4565258,0.30577707,0.33502334356307983
1895-07-01,28.438805,25.350124,-3.0886803,0.28975272,0.390372097492218
1895-08-01,28.560919,25.256784,-3.3041344,0.4929793,0.517225444316864
1895-09-01,28.635818,25.332474,-3.3033447,0.7275176,0.6728607813517253
1895-10-01,28.708189,25.475452,-3.2327366,0.8772001,0.7653945287068684
1895-11-01,28.86026,25.536215,-3.3240452,0.763968,0.7565945982933044
1895-12-01,28.755005,25.744267,-3.0107384,0.70849776,0.6671092112859089
1896-01-01,28.581738,26.086391,-2.495346,0.53865194,0.5403431554635365
1896-02-01,28.347092,26.6315,-1.7155914,0.38625956,0.41482483347256977
1896-03-01,28.543367,27.203363,-1.340004,0.28127015,0.32706648111343384
1896-04-01,28.726274,27.390179,-1.3360958,0.26459575,0.31824973225593567
1896-05-01,28.980185,27.05506,-1.9251251,0.30849934,0.3913182119528452
1896-06-01,28.624008,26.466751,-2.157257,0.6050458,0.5414641102155049
1896-07-01,28.753647,25.94684,-2.8068066,0.5716264,0.759211520353953
1896-08-01,28.662825,26.038124,-2.6247005,1.1724131,0.9776985049247742
1896-09-01,28.714813,25.867107,-2.8477058,1.1831565,1.1583706537882485
1896-10-01,28.79673,25.860128,-2.9366016,1.1733351,1.2996856371561685
1896-11-01,29.087742,26.55868,-2.5290623,1.5589509,1.4004503289858499
1896-12-01,28.979853,26.764769,-2.215084,1.504152,1.4036377668380737
1897-01-01,28.7408,27.060785,-1.6800156,1.3539824,1.2430466314156852
1897-02-01,28.635712,27.44877,-1.1869411,0.91490984,0.9481554329395294
1897-03-01,28.588284,27.651503,-0.9367809,0.6844932,0.6070705056190491
1897-04-01,28.710258,27.208214,-1.5020447,0.09864688,0.34497931599617
1897-05-01,28.859125,26.777721,-2.0814037,0.15222073,0.23351117968559265
1897-06-01,28.741474,26.299284,-2.4421902,0.3201127,0.21650181214014688
1897-07-01,28.65308,25.527126,-3.1259537,0.2524793,0.16866761445999146
1897-08-01,28.619614,24.827324,-3.7922897,0.004823923,0.04670081535975136
1897-09-01,28.676968,24.533169,-4.143799,-0.1129365,-0.07075071334838869
1897-10-01,28.822134,24.51457,-4.307564,-0.19762707,-0.11426560084025064
1897-11-01,28.698978,24.539633,-4.1593456,-0.071332455,-0.09097963571548462
1897-12-01,28.531355,24.779423,-3.7519321,-0.03269601,-0.06395749251047769
1898-01-01,28.28417,25.247652,-3.036518,-0.0025200844,-0.10157025853792827
1898-02-01,28.231659,25.912287,-2.3193722,-0.21752119,-0.20489673813184103
1898-03-01,28.389034,26.380981,-2.0080528,-0.3867787,-0.3074330687522888
1898-04-01,28.715906,26.72713,-1.9887753,-0.3880837,-0.3262387613455454
1898-05-01,28.823277,26.266905,-2.5563717,-0.32274723,-0.22111760576566059
1898-06-01,28.599075,25.820341,-2.7787342,-0.016431332,-0.035200178623199435
1898-07-01,28.257881,25.11735,-3.1405315,0.23790145,0.14769901831944784
1898-08-01,27.950151,24.438982,-3.5111694,0.28594422,0.2454950213432312
1898-09-01,28.245087,24.549215,-3.6958714,0.33499098,0.23012765248616535
1898-10-01,28.679056,24.669037,-4.0100193,0.09991741,0.14526001612345374
1898-11-01,28.542852,24.48092,-4.0619316,0.026081562,0.07518333196640012
1898-12-01,28.272297,24.52735,-3.7449474,-0.025711298,0.06735392411549887
1899-01-01,28.008436,25.214703,-2.7937336,0.24026442,0.09063517053922018
1899-02-01,27.99824,25.908525,-2.089714,0.012136936,0.1095152199268341
1899-03-01,28.254095,26.774027,-1.4800682,0.1412059,0.13519452015558878
1899-04-01,28.590752,27.136995,-1.4537563,0.14693522,0.22445856531461078
1899-05-01,28.890663,26.997068,-1.8935947,0.34002972,0.33246267835299176
1899-06-01,28.657187,26.544802,-2.1123848,0.6499181,0.4293356935183207
1899-07-01,28.737425,25.45666,-3.2807655,0.097667456,0.6011132995287577
1899-08-01,28.579514,25.87473,-2.7047844,1.0923293,0.8422516385714214
1899-09-01,28.4766,25.701656,-2.7749443,1.255918,1.0492679278055825
1899-10-01,29.029268,25.94636,-3.0829086,1.0270281,1.1116525332132974
1899-11-01,29.196299,26.220089,-2.9762096,1.1118035,1.104046603043874
1899-12-01,29.082125,26.399113,-2.683012,1.0362241,1.1501460472742715
1900-01-01,28.731989,27.053661,-1.6783276,1.3556705,1.1964675883452096
1900-02-01,28.645578,27.771133,-0.87444496,1.227406,1.1461787521839142
1900-03-01,28.76184,28.172802,-0.58903885,1.0322353,0.9723765651384989
1900-04-01,28.960793,28.00468,-0.9561119,0.64457965,0.7930589020252228
1900-05-01,29.130573,27.4649,-1.6656742,0.56795025,0.7252083321412404
1900-06-01,28.998137,27.14626,-1.8518772,0.91042566,0.7300878564516703
1900-07-01,28.842024,26.197039,-2.6449852,0.7334478,0.6982998649279276
1900-08-01,28.726791,25.500256,-3.2265358,0.57057786,0.5739037394523621
1900-09-01,28.83753,25.241514,-3.596016,0.4348464,0.3967452049255371
1900-10-01,28.976645,25.055933,-3.9207115,0.1892252,0.21957333882649738
1900-11-01,29.018866,24.939552,-4.0793133,0.008699894,0.09740664561589557
1900-12-01,29.196426,25.453953,-3.7424736,-0.023237467,0.059468150138854994
1901-01-01,28.891073,26.058346,-2.8327274,0.20127058,0.040857344865798936
1901-02-01,28.584557,26.470137,-2.11442,-0.012568951,-0.03881197174390158
1901-03-01,28.687794,26.850445,-1.8373489,-0.21607482,-0.18400869766871136
1901-04-01,28.925707,26.977198,-1.9485092,-0.34781766,-0.30693639318148297
1901-05-01,29.065794,26.368254,-2.6975403,-0.46391582,-0.3353264629840851
1901-06-01,28.827429,25.8257,-3.001728,-0.23942518,-0.2974908153216044
1901-07-01,28.598927,25.030043,-3.568884,-0.1904509,-0.23189594348271686
1901-08-01,28.537418,24.439034,-4.098385,-0.3012712,-0.14511376619338986
1901-09-01,28.40776,24.441956,-3.965805,0.06505728,-0.01694027582804361
1901-10-01,28.669718,24.639107,-4.030611,0.079325676,0.1422829627990723
1901-11-01,28.652962,24.957724,-3.695238,0.39277506,0.2570396463076273
1901-12-01,28.588123,25.186754,-3.401369,0.31786704,0.2898162603378296
1902-01-01,28.419903,25.642645,-2.777258,0.2567401,0.28011658787727356
1902-02-01,28.332586,26.409191,-1.9233952,0.17845583,0.28073059519131977
1902-03-01,28.330545,27.161966,-1.1685791,0.452695,0.294536809126536
1902-04-01,28.977055,27.585135,-1.3919201,0.20877147,0.3647667864958445
1902-05-01,29.170162,27.241777,-1.9283848,0.30523968,0.5958905716737112
1902-06-01,28.91355,27.241102,-1.6724472,1.0898557,0.9647713700930278
1902-07-01,28.834953,27.037672,-1.7972813,1.5811517,1.2796268264452615
1902-08-01,28.63342,26.186195,-2.4472256,1.3498881,1.4271381894747415
1902-09-01,28.83095,26.206532,-2.6244183,1.4064441,1.5015274683634439
1902-10-01,28.933065,26.496592,-2.4364738,1.6734629,1.5673538843790689
1902-11-01,28.962692,26.616028,-2.3466644,1.7413487,1.5309318900108337
1902-12-01,28.771835,26.373728,-2.3981075,1.3211286,1.2725369532903035
1903-01-01,28.727987,26.709558,-2.0184288,1.0155692,0.841022362311681
1903-02-01,28.808151,26.748013,-2.0601387,0.041712284,0.41441888610521943
1903-03-01,28.804338,27.383184,-1.421154,0.20012009,0.10613685846328733
1903-04-01,29.001795,27.239084,-1.7627106,-0.16201901,-0.02932625015576682
1903-05-01,29.045458,26.630346,-2.4151115,-0.18148708,-0.05496624112129209
1903-06-01,28.983871,26.420118,-2.5637531,0.19854975,-0.09623660643895468
1903-07-01,28.656202,25.03441,-3.6217918,-0.24335885,-0.2101534406344096
1903-08-01,28.6741,24.364506,-4.309595,-0.51248145,-0.3485976656277975
1903-09-01,28.547934,24.091948,-4.455986,-0.4251237,-0.4004696210225423
1903-10-01,28.71481,24.278524,-4.436285,-0.3263483,-0.3968499501546224
1903-11-01,28.705996,24.27269,-4.4333057,-0.34529257,-0.368408739566803
1903-12-01,28.466005,24.113693,-4.352312,-0.63307595,-0.2749229669570923
1904-01-01,28.02185,25.251514,-2.7703362,0.26366186,-0.19010111689567566
1904-02-01,28.077297,25.779915,-2.2973824,-0.19553137,-0.2052117685476939
1904-03-01,28.309587,26.183567,-2.1260204,-0.5047463,-0.24621464808781943
1904-04-01,28.535257,26.61048,-1.924778,-0.32408643,-0.10960162679354345
1904-05-01,28.563726,26.689703,-1.8740234,0.35960102,0.24076991279919946
1904-06-01,28.649574,26.499365,-2.1502094,0.61209345,0.6364065210024517
1904-07-01,28.61581,26.328938,-2.2868729,1.0915601,0.8777656356493632
1904-08-01,28.408506,25.7705,-2.6380062,1.1591074,0.9203609029452005
1904-09-01,28.591105,25.053986,-3.537119,0.49374342,0.8867650032043457
1904-10-01,28.940628,25.870588,-3.0700397,1.039897,0.8646508852640789
1904-11-01,28.682163,25.571783,-3.1103802,0.977633,0.8482139309247334
1904-12-01,28.974142,25.897892,-3.07625,0.64298606,0.7537120580673218
1905-01-01,28.582998,26.274643,-2.3083553,0.7256427,0.6331747670968373
1905-02-01,28.61456,26.835585,-1.7789745,0.32287645,0.5637595156828562
1905-03-01,28.738033,27.937065,-0.80096817,0.82030594,0.5657948454221089
1905-04-01,28.891134,27.48322,-1.4079151,0.19277644,0.6945998171965281
1905-05-01,29.167984,28.170073,-0.99791145,1.235713,0.8667016526063283
1905-06-01,28.924034,27.23489,-1.6891441,1.0731587,0.9919034043947855
1905-07-01,28.875523,26.336546,-2.5389767,0.8394563,1.0413009126981099
1905-08-01,28.738169,26.132977,-2.6051922,1.1919215,1.0593589345614114
1905-09-01,29.065659,26.141628,-2.9240303,1.106832,1.0937889417012532
1905-10-01,28.937351,25.860012,-3.0773392,1.0325975,1.0839452743530273
1905-11-01,29.005869,26.102982,-2.9028873,1.1851258,1.035969833532969
1905-12-01,28.952795,26.042717,-2.910078,0.8091581,0.9624278148015339
1906-01-01,28.487488,26.512526,-1.9749622,1.0590358,0.7979547480742135
1906-02-01,28.498098,26.943666,-1.5544319,0.5474191,0.5575971901416779
1906-03-01,28.85396,27.317142,-1.5368176,0.08445656,0.32438729206720984
1906-04-01,28.88436,27.545523,-1.3388367,0.2618549,0.19328326980272925
1906-05-01,28.95759,26.79193,-2.1656609,0.0679636,0.10242705543835959
1906-06-01,28.81777,26.322767,-2.4950027,0.26730013,-0.12880378961563113
1906-07-01,28.787846,24.694761,-4.0930843,-0.71465135,-0.4391818245251974
1906-08-01,28.861912,24.12816,-4.7337513,-0.93663764,-0.6176730593045552
1906-09-01,28.462831,23.960442,-4.50239,-0.47152758,-0.56241242090861
1906-10-01,28.600103,24.115877,-4.484226,-0.3742895,-0.4044272104899088
1906-11-01,28.865215,24.561796,-4.303419,-0.21540594,-0.3110153476397196
1906-12-01,28.677912,24.600145,-4.0777664,-0.35853028,-0.263284961382548
1907-01-01,28.31512,25.08055,-3.2345715,-0.20057344,-0.20957371592521667
1907-02-01,28.177761,25.97284,-2.2049217,-0.103070736,-0.15131438771883646
1907-03-01,28.318928,26.585272,-1.7336559,-0.112381816,-0.13544553518295288
1907-04-01,28.504246,26.79746,-1.7067852,-0.106093645,-0.17204599579175314
1907-05-01,28.808537,26.22716,-2.581377,-0.34775257,-0.23110766212145487
1907-06-01,28.901585,25.982578,-2.9190063,-0.15670347,-0.33798064788182575
1907-07-01,28.568642,24.7087,-3.8599415,-0.4815085,-0.40699579318364465
1907-08-01,28.547861,23.91567,-4.6321907,-0.83507705,-0.3199283083279927
1907-09-01,28.60418,24.938496,-3.6656837,0.36517859,-0.13622872034708655
1907-10-01,28.55713,24.454056,-4.103075,0.0068616867,-0.0011035601298014439
1907-11-01,28.803747,24.58643,-4.2173176,-0.12930441,0.031632204850514725
1907-12-01,28.60992,24.97745,-3.632471,0.08676505,0.09092652797698975
1908-01-01,28.189327,25.406075,-2.7832527,0.2507453,0.182066152493159
1908-02-01,28.25735,26.528374,-1.7289772,0.37287378,0.13631775975227356
1908-03-01,28.388714,26.69964,-1.6890736,-0.06779945,-0.08059479792912805
1908-04-01,28.6956,26.603624,-2.0919762,-0.4912846,-0.25960649053255724
1908-05-01,28.988262,26.163185,-2.825077,-0.5914526,-0.23409091432889295
1908-06-01,28.568304,26.260744,-2.30756,0.4547429,-0.10038254658381145
1908-07-01,28.437302,24.793013,-3.644289,-0.26585603,-0.03208925326665242
1908-08-01,28.291096,24.53363,-3.7574654,0.039648294,-0.06380651394526166
1908-09-01,28.404293,24.160063,-4.2442303,-0.21336794,-0.08833440144856769
1908-10-01,28.54443,24.49315,-4.051279,0.058657646,-0.1292738914489746
1908-11-01,28.536228,24.212612,-4.323616,-0.23560286,-0.17181799809137982
1908-12-01,28.2736,24.07571,-4.1978893,-0.4786532,-0.1609782775243123
1909-01-01,28.22355,25.543503,-2.680048,0.35395002,-0.11941127975781758
1909-02-01,28.035677,25.503,-2.5326767,-0.4308257,-0.09384835759798685
1909-03-01,28.19008,26.68411,-1.50597,0.11530411,-0.17294877767562866
1909-04-01,28.488897,26.55622,-1.9326782,-0.33198667,-0.3312803606192271
1909-05-01,29.054577,26.218838,-2.8357391,-0.6021147,-0.5080740749835968
1909-06-01,28.578964,25.060501,-3.5184631,-0.75616026,-0.6108855207761128
1909-07-01,28.407808,24.490082,-3.9177265,-0.5392935,-0.5990686615308125
1909-08-01,28.180336,23.833448,-4.3468876,-0.54977393,-0.5518008669217427
1909-09-01,28.37887,23.836275,-4.542595,-0.5117326,-0.5371017456054688
1909-10-01,28.340897,23.717684,-4.623213,-0.5132761,-0.5470259984334309
1909-11-01,28.34205,23.58419,-4.75786,-0.669847,-0.5265956521034241
1909-12-01,28.319181,24.18325,-4.135931,-0.41669488,-0.4435025453567505
1910-01-01,28.090565,24.718452,-3.3721123,-0.33811426,-0.3050794303417206
1910-02-01,28.044418,25.824476,-2.219942,-0.11809111,-0.18119109670321143
1910-03-01,27.93846,26.282894,-1.6555653,-0.03429115,-0.16599172353744504
1910-04-01,28.129642,26.360933,-1.7687092,-0.16801763,-0.24458755056063336
1910-05-01,28.52384,25.63192,-2.89192,-0.65829563,-0.291397362947464
1910-06-01,28.279608,25.450176,-2.8294315,-0.06712866,-0.24222952127456662
1910-07-01,28.294106,24.791817,-3.5022888,-0.12385583,-0.1564917763074239
1910-08-01,28.152216,24.231335,-3.9208813,-0.123767614,-0.1297368804613749
1910-09-01,28.098276,23.91592,-4.182356,-0.15149355,-0.11665566762288411
1910-10-01,28.37142,24.092888,-4.278532,-0.16859531,-0.05814901987711587
1910-11-01,28.465897,24.584934,-3.8809624,0.2070508,-0.006840129693349198
1910-12-01,28.350666,24.565119,-3.7855473,-0.06631112,-0.00887580712636312
1911-01-01,28.20267,25.1146,-3.08807,-0.054071903,-0.06384814778963725
1911-02-01,27.995096,25.761639,-2.2334576,-0.13160658,-0.13567492365837097
1911-03-01,28.131786,26.347324,-1.784462,-0.16318786,-0.2375738819440206
1911-04-01,28.268322,26.284048,-1.9842739,-0.38358235,-0.3044856091340383
1911-05-01,28.53852,25.7064,-2.832121,-0.59849644,-0.17520629366238907
1911-06-01,28.271843,25.806702,-2.4651413,0.29716158,0.1997023622194926
1911-07-01,28.170687,25.506214,-2.6644726,0.7139604,0.7028441230456035
1911-08-01,27.78993,25.23779,-2.5521412,1.2449725,1.103264033794403
1911-09-01,28.136892,25.656412,-2.4804802,1.5503821,1.285411516825358
1911-10-01,28.375822,25.434975,-2.9408474,1.1690893,1.3435969352722168
1911-11-01,28.806143,25.985394,-2.8207493,1.2672639,1.428046961625417
1911-12-01,28.544117,26.573776,-1.9703407,1.7488954,1.5073293447494507
1912-01-01,28.493345,27.222519,-1.2708263,1.7631717,1.3875824908415475
1912-02-01,28.527931,27.258055,-1.2698765,0.8319745,1.0573384265104928
1912-03-01,28.67406,27.641216,-1.0328445,0.5884296,0.7323348323504129
1912-04-01,28.908104,27.863876,-1.0442276,0.55646396,0.5426920553048451
1912-05-01,28.726395,26.998583,-1.7278118,0.50581264,0.38566642006238294
1912-06-01,28.725058,26.134502,-2.5905552,0.17174768,0.17959461609522498
1912-07-01,28.683203,25.136452,-3.546751,-0.16831803,0.041404704252878795
1912-08-01,28.462404,24.564487,-3.8979168,-0.10080314,0.0663533409436544
1912-09-01,28.585411,25.006031,-3.57938,0.4514823,0.18169053395589194
1912-10-01,28.661152,24.729427,-3.9317245,0.17821217,0.24056037267049152
1912-11-01,28.807142,25.029577,-3.777565,0.31044817,0.2299756407737732
1912-12-01,28.52282,24.79247,-3.7303486,-0.011112452,0.2538101275761922
1913-01-01,28.118067,25.649202,-2.4688644,0.5651336,0.2920228938261668
1913-02-01,28.408672,26.592035,-1.816637,0.28521395,0.20544293522834778
1913-03-01,28.468197,26.95791,-1.5102863,0.11098778,-0.023084898789723765
1913-04-01,28.498276,26.204792,-2.2934837,-0.6927922,-0.16132272283236185
1913-05-01,28.705381,26.408388,-2.2969933,-0.0633688,-0.037850648164749104
1913-06-01,28.503174,26.148096,-2.3550777,0.40722513,0.26322803894678753
1913-07-01,28.224817,25.391365,-2.8334522,0.54498076,0.526903768380483
1913-08-01,28.068184,25.048862,-3.0193214,0.7777922,0.6703669428825378
1913-09-01,28.39433,25.014706,-3.3796234,0.6512389,0.7944394747416178
1913-10-01,28.484636,25.31205,-3.1725864,0.9373503,0.9581297238667805
1913-11-01,28.747608,25.897505,-2.8501034,1.2379098,1.1261664430300393
1913-12-01,28.589417,26.173098,-2.416319,1.3029172,1.1785021225611367
1914-01-01,28.294329,26.450647,-1.8436813,1.1903167,1.0450091660022736
1914-02-01,28.449377,27.055853,-1.3935242,0.7083268,0.8007159531116486
1914-03-01,28.521137,27.407064,-1.1140728,0.5072013,0.5292602181434631
1914-04-01,28.944103,27.723225,-1.2208786,0.37981296,0.31233679254849744
1914-05-01,29.084547,26.718504,-2.366043,-0.13241863,0.27102078000704444
1914-06-01,28.716875,26.350687,-2.366188,0.39611483,0.4610936840375265
1914-07-01,28.587164,26.15567,-2.4314938,0.94693923,0.7830179333686829
1914-08-01,28.571522,25.899698,-2.6718235,1.1252902,1.0081699887911477
1914-09-01,28.649094,25.794893,-2.8542004,1.176662,1.0256077448527017
1914-10-01,28.788895,25.508919,-3.279976,0.8299608,0.9436175028483071
1914-11-01,28.83268,25.53262,-3.3000603,0.7879529,0.890724758307139
1914-12-01,28.713224,25.97842,-2.7348042,0.984432,0.862885038057963
1915-01-01,28.603346,26.486393,-2.116953,0.9170451,0.7720429400602976
1915-02-01,28.537636,26.907722,-1.6299133,0.47193766,0.637520025173823
1915-03-01,28.677738,27.495737,-1.1820011,0.439273,0.5766673684120178
1915-04-01,28.845621,27.954033,-0.8915882,0.70910335,0.670602669318517
1915-05-01,29.150742,27.619865,-1.5308762,0.7027483,0.7902093430360158
1915-06-01,29.16586,27.716373,-1.4494858,1.3128171,0.7140332261721293
1915-07-01,28.86795,25.656002,-3.2119484,0.1664846,0.451231300830841
1915-08-01,28.767963,24.971178,-3.7967854,0.00032830238,0.1804204185803731
1915-09-01,28.839582,24.915373,-3.9242096,0.10665274,0.046412785847981766
1915-10-01,28.991167,24.912733,-4.078434,0.031502724,-0.04003111521402995
1915-11-01,28.86352,24.643871,-4.2196484,-0.13163519,-0.1798239350318909
1915-12-01,28.832918,24.581917,-4.2510014,-0.5317652,-0.3252265850702921
1916-01-01,28.559353,25.288143,-3.2712097,-0.2372117,-0.4457432130972544
1916-02-01,28.294245,25.491774,-2.8024712,-0.7006202,-0.5448422133922577
1916-03-01,28.459604,26.26705,-2.1925545,-0.57128036,-0.6384650270144144
1916-04-01,28.826113,26.447037,-2.379076,-0.77838445,-0.6886880894502003
1916-05-01,29.090654,26.154797,-2.9358578,-0.7022333,-0.7105612258116404
1916-06-01,28.893105,25.501244,-3.391861,-0.6295581,-0.7648076017697651
1916-07-01,28.356615,24.055489,-4.3011265,-0.9226935,-0.8334771990776062
1916-08-01,28.097897,23.294489,-4.8034077,-1.006294,-0.8674254218737284
1916-09-01,28.143097,23.411072,-4.732025,-0.7011628,-0.8660984039306641
1916-10-01,28.41832,23.425581,-4.9927387,-0.882802,-0.8878432909647623
1916-11-01,28.303877,23.217316,-5.086561,-0.99854803,-0.9426634112993875
1916-12-01,28.313745,23.577024,-4.736721,-1.0174849,-0.9810264507929484
1917-01-01,28.099152,24.149408,-3.9497433,-0.91574526,-0.9417737027009327
1917-02-01,28.090723,24.912176,-3.178547,-1.0766959,-0.7436084449291229
1917-03-01,28.118034,26.139547,-1.978487,-0.3572129,-0.36661189794540394
1917-04-01,28.396437,27.015587,-1.3808498,0.21984172,0.08245979746182763
1917-05-01,28.478655,26.760847,-1.7178078,0.5158167,0.443038672208786
1917-06-01,28.465748,26.41448,-2.0512676,0.71103525,0.6505393385887146
1917-07-01,28.384933,25.82428,-2.5606537,0.8177793,0.7262530128161112
1917-08-01,28.359745,25.304333,-3.0554123,0.74170136,0.6773818532625835
1917-09-01,28.41677,24.955801,-3.46097,0.5698924,0.5248748461405436
1917-10-01,28.675432,24.853222,-3.8222103,0.2877264,0.2857839266459147
1917-11-01,28.56715,24.592003,-3.9751472,0.112865925,-0.00970480839411423
1917-12-01,28.466099,24.235388,-4.230711,-0.51147485,-0.2644560734430949
1918-01-01,28.222002,24.721436,-3.5005665,-0.46656847,-0.38639272252718604
1918-02-01,28.017073,25.56103,-2.4560432,-0.35419226,-0.3248802522818247
1918-03-01,28.232616,26.325039,-1.9075775,-0.2863034,-0.09139086802800495
1918-04-01,28.396273,27.083878,-1.3123951,0.28829646,0.2757444679737091
1918-05-01,28.685614,27.164768,-1.5208454,0.71277905,0.6839277446269989
1918-06-01,28.71875,27.18696,-1.5317898,1.2305131,0.9676980376243591
1918-07-01,28.481121,26.18858,-2.2925415,1.0858915,1.0737116932868958
1918-08-01,28.432129,25.641031,-2.7910976,1.006016,1.0983260671297708
1918-09-01,28.573668,25.661413,-2.9122543,1.118608,1.1728243827819824
1918-10-01,28.872322,26.074223,-2.7980995,1.3118372,1.3153866132100422
1918-11-01,28.946516,26.418512,-2.5280037,1.5600095,1.4292628963788347
1918-12-01,28.78894,26.565126,-2.223814,1.4954221,1.4108677307764688
1919-01-01,28.762623,27.099356,-1.6632671,1.3707309,1.206926534573237
1919-02-01,28.641438,27.384253,-1.257185,0.844666,0.8853429456551869
1919-03-01,28.863222,27.66187,-1.2013531,0.41992104,0.6047252615292866
1919-04-01,29.068491,27.845873,-1.2226181,0.37807345,0.4950487116972605
1919-05-01,29.270557,27.575003,-1.6955547,0.5380697,0.5419819056987762
1919-06-01,29.033741,26.98109,-2.0526505,0.7096524,0.6231901844342549
1919-07-01,28.672651,25.962624,-2.7100277,0.6684053,0.6673474113146464
1919-08-01,28.638954,25.484015,-3.1549397,0.642174,0.6710682113965352
1919-09-01,28.645647,25.355783,-3.2898636,0.74099874,0.6082916259765625
1919-10-01,28.579617,25.015938,-3.5636787,0.546258,0.47821108500162757
1919-11-01,28.532595,24.546385,-3.9862099,0.1018033,0.41303199529647827
1919-12-01,28.706497,25.370182,-3.3363152,0.38292098,0.5229662656784058
1920-01-01,28.40431,26.390947,-2.013363,1.0206351,0.7008497218290966
1920-02-01,28.313524,27.042011,-1.271513,0.830338,0.7292663554350535
1920-03-01,28.583845,27.548647,-1.0351982,0.5860759,0.5492409666379292
1920-04-01,28.786816,27.412914,-1.3739014,0.22679019,0.3212482432524363
1920-05-01,29.127678,26.948622,-2.1790562,0.05456829,0.1466796100139618
1920-06-01,29.024183,26.457428,-2.5667553,0.19554758,0.024082601070404025
1920-07-01,28.769022,25.079382,-3.68964,-0.31120706,-0.02348107099533081
1920-08-01,28.648928,24.901741,-3.7471867,0.049926996,-0.020793418089548727
1920-09-01,28.757347,24.898548,-3.858799,0.17206335,0.0030064582824706892
1920-10-01,29.15039,24.813108,-4.337282,-0.22734547,0.06958770751953124
1920-11-01,28.764458,24.867731,-3.8967266,0.19128656,0.21911869446436566
1920-12-01,28.404629,25.28985,-3.1147785,0.6044576,0.3802746534347534
1921-01-01,28.393856,25.920736,-2.4731197,0.5608783,0.35109602411588026
1921-02-01,28.091925,26.10639,-1.9855347,0.11631632,0.11086133122444146
1921-03-01,28.054815,26.049572,-2.0052433,-0.3839692,-0.15070416529973346
1921-04-01,28.55713,26.686325,-1.8708057,-0.27011418,-0.25255391001701355
1921-05-01,28.645557,26.039875,-2.6056824,-0.3720579,-0.17712143063545224
1921-06-01,28.639023,26.078295,-2.560728,0.2015748,-0.10184023777643837
1921-07-01,28.646673,25.220602,-3.4260712,-0.047638178,-0.1316151817639669
1921-08-01,28.634144,24.33785,-4.2962933,-0.4991796,-0.1806061863899231
1921-09-01,28.581173,24.426353,-4.1548195,-0.12395716,-0.17068449656168616
1921-10-01,28.856926,24.889645,-3.9672813,0.14265537,-0.17489798863728842
1921-11-01,28.679375,24.156187,-4.5231876,-0.43517447,-0.2633651693662008
1921-12-01,28.707151,24.495092,-4.212059,-0.4928229,-0.30419647693634033
1922-01-01,28.284359,25.005136,-3.2792225,-0.24522448,-0.17864430944124854
1922-02-01,28.28958,26.407204,-1.8823757,0.21947527,-0.017830977837244653
1922-03-01,28.504707,26.975817,-1.5288906,0.092383504,0.03906335433324177
1922-04-01,28.615732,26.874514,-1.7412186,-0.14052701,0.0029386182626088414
1922-05-01,28.927137,26.801119,-2.1260185,0.107605934,-0.09784200787544249
1922-06-01,28.658567,25.674192,-2.984375,-0.22207212,-0.26726887623469037
1922-07-01,28.746235,24.758688,-3.987547,-0.60911393,-0.4399968981742859
1922-08-01,28.344172,23.87317,-4.4710007,-0.673887,-0.46103841066360474
1922-09-01,28.40863,24.114532,-4.294098,-0.26323557,-0.35469579696655273
1922-10-01,28.616373,24.508644,-4.107729,0.002207756,-0.29085254669189453
1922-11-01,28.90892,24.241652,-4.6672688,-0.5792556,-0.29745060205459595
1922-12-01,28.44836,24.431423,-4.0169373,-0.29770112,-0.30271430810292554
1923-01-01,28.387136,25.25047,-3.1366673,-0.10266924,-0.3150798181692759
1923-02-01,28.249964,25.749912,-2.5000515,-0.3982005,-0.3753088017304739
1923-03-01,28.43477,26.110176,-2.3245945,-0.7033204,-0.3817867636680603
1923-04-01,28.729916,26.93399,-1.7959251,-0.19523358,-0.21165431539217627
1923-05-01,28.80248,26.683668,-2.1188126,0.1148119,0.08417865633964541
1923-06-01,28.697193,26.339699,-2.3574944,0.40480852,0.34050808350245154
1923-07-01,28.408005,25.655064,-2.7529411,0.62549186,0.5005725026130676
1923-08-01,28.367651,25.011723,-3.3559284,0.44118524,0.5959954460461934
1923-09-01,28.546144,25.367392,-3.178753,0.85210943,0.6232921282450358
1923-10-01,28.858158,25.297813,-3.5603447,0.549592,0.6163832346598307
1923-11-01,29.096216,25.481447,-3.614769,0.4732442,0.5766443610191345
1923-12-01,28.798872,25.86062,-2.9382515,0.78098464,0.4946079651514689
1924-01-01,28.460886,25.609804,-2.8510818,0.18291616,0.36213400959968567
1924-02-01,28.357136,26.548569,-1.808567,0.29328394,0.17467740178108213
1924-03-01,28.674934,26.971554,-1.7033806,-0.08210647,-0.0469617247581482
1924-04-01,28.746468,26.985355,-1.7611122,-0.16042066,-0.30391706029574084
1924-05-01,28.822462,25.772217,-3.0502453,-0.8166208,-0.5301292240619659
1924-06-01,28.793776,25.429049,-3.364727,-0.60242414,-0.6254319151242574
1924-07-01,28.631786,24.528927,-4.1028595,-0.7244265,-0.5744172930717468
1924-08-01,28.303854,24.194817,-4.1090374,-0.31192374,-0.4386612375577291
1924-09-01,28.432264,23.965765,-4.4664993,-0.435637,-0.2845786412556966
1924-10-01,28.56485,24.521288,-4.043562,0.06637478,-0.19315560658772785
1924-11-01,28.390968,24.091633,-4.2993355,-0.21132231,-0.18677542606989544
1924-12-01,28.442783,24.392982,-4.049801,-0.33056474,-0.14614705244700116
1925-01-01,28.013552,24.811745,-3.201807,-0.16780901,0.04004751642545068
1925-02-01,27.829517,26.36718,-1.4623375,0.6395135,0.2877757052580516
1925-03-01,28.13924,26.954248,-1.1849918,0.43628228,0.42062288522720337
1925-04-01,28.442503,27.26221,-1.1802921,0.42039943,0.4612775146961212
1925-05-01,28.739344,26.796135,-1.9432087,0.29041576,0.5845745901266735
1925-06-01,28.404556,26.676378,-1.728178,1.0341249,0.8053815563519796
1925-07-01,28.634096,26.30904,-2.325056,1.0533769,0.9873399535814921
1925-08-01,28.544798,25.823986,-2.7208118,1.0763018,1.0425286491711934
1925-09-01,28.69187,25.673883,-3.0179863,1.012876,1.0067785580952961
1925-10-01,28.884903,25.74722,-3.1376839,0.97225285,0.9797091484069824
1925-11-01,29.095243,25.838028,-3.2572155,0.8307977,1.0458069841066995
1925-12-01,29.120005,26.660944,-2.4590607,1.2601755,1.153422236442566
1926-01-01,28.669952,27.152287,-1.5176659,1.5163321,1.154605577389399
1926-02-01,28.806917,27.491789,-1.3151283,0.78672266,1.0223396917184193
1926-03-01,28.915369,28.112541,-0.80282784,0.8184463,0.8483200669288634
1926-04-01,29.129871,28.385855,-0.74401665,0.8566749,0.7054815590381622
1926-05-01,29.43144,27.657347,-1.7740936,0.45953083,0.6051261126995087
1926-06-01,29.113976,26.770098,-2.3438778,0.41842508,0.5242175459861755
1926-07-01,28.759968,26.161179,-2.5987892,0.7796438,0.40084979931513465
1926-08-01,28.756586,25.002184,-3.7544022,0.042711496,0.20719387133916214
1926-09-01,28.811773,24.629593,-4.1821804,-0.15131807,0.04465738932291665
1926-10-01,28.822613,24.724754,-4.0978584,0.012078285,0.03662395477294923
1926-11-01,28.624353,24.733488,-3.8908653,0.19714785,0.13548638423283893
1926-12-01,28.595827,25.087564,-3.5082626,0.2109735,0.22917767365773517
1927-01-01,28.479017,25.764427,-2.71459,0.31940794,0.2728311518828074
1927-02-01,28.46592,26.70856,-1.7573586,0.34449244,0.2268127103646596
1927-03-01,28.424744,26.936266,-1.4884777,0.1327964,0.08933820327123002
1927-04-01,28.857594,27.033098,-1.8244953,-0.22380376,-0.054559201002120986
1927-05-01,28.718077,26.343851,-2.3742256,-0.14060116,-0.12735187013943988
1927-06-01,28.871178,26.028301,-2.8428764,-0.08057356,-0.12669251362482706
1927-07-01,28.652456,25.088541,-3.5639153,-0.18548226,-0.07148951292037964
1927-08-01,28.607552,24.814476,-3.7930756,0.0040380955,0.034544805685679136
1927-09-01,28.61012,24.83352,-3.7766,0.25426245,0.15322049458821613
1927-10-01,28.843353,25.006035,-3.8373184,0.2726183,0.1960757573445638
1927-11-01,28.849312,24.938408,-3.910904,0.17710924,0.14367860555648804
1927-12-01,28.89713,25.142176,-3.7549534,-0.03571725,0.07090318202972412
1928-01-01,28.75321,25.769953,-2.9832573,0.05074072,0.0335563321908315
1928-02-01,28.531172,26.46686,-2.064312,0.037539005,0.00927403569221497
1928-03-01,28.571056,26.96692,-1.6041355,0.0171386,-0.04374974966049196
1928-04-01,28.855913,27.048433,-1.8074799,-0.2067883,-0.11924200256665549
1928-05-01,28.99753,26.627361,-2.3701687,-0.13654423,-0.1558544933795929
1928-06-01,28.83173,25.786354,-3.0453758,-0.28307295,-0.1268075903256734
1928-07-01,28.492516,25.24245,-3.2500648,0.12836814,-0.07861091693242392
1928-08-01,28.551657,24.59646,-3.9551964,-0.15808272,-0.048117458820343025
1928-09-01,28.660183,24.632528,-4.0276546,0.0032076836,-0.06024376551310221
1928-10-01,28.80284,24.63617,-4.16667,-0.05673313,-0.07799307505289715
1928-11-01,28.88294,24.57525,-4.3076897,-0.2196765,-0.05245548486709594
1928-12-01,28.584846,24.964115,-3.6207314,0.09850478,0.016991655031840018
1929-01-01,28.252302,25.339022,-2.9132805,0.120717525,0.0971261958281199
1929-02-01,28.294703,26.356342,-1.9383602,0.16349077,0.15585123499234516
1929-03-01,28.466192,26.961252,-1.50494,0.11633408,0.22582044204076132
1929-04-01,28.659964,27.465864,-1.1940994,0.40659213,0.32144883275032043
1929-05-01,28.744879,26.924797,-1.8200817,0.41354275,0.3837967415650686
1929-06-01,28.742346,26.45794,-2.2844067,0.4778962,0.367981215318044
1929-07-01,28.613466,25.416624,-3.1968422,0.1815908,0.3499611020088196
1929-08-01,28.5058,25.020884,-3.4849167,0.31219697,0.4021318952242533
1929-09-01,28.578627,25.237112,-3.3415146,0.68934774,0.4629521369934082
1929-10-01,28.803034,25.17918,-3.6238537,0.48608303,0.4429459571838379
1929-11-01,28.974606,25.108196,-3.8664093,0.22160387,0.33294306198755896
1929-12-01,28.940042,25.546774,-3.3932686,0.32596755,0.19558497269948322
1930-01-01,28.651928,25.601332,-3.0505962,-0.016598225,0.09057429432868955
1930-02-01,28.566286,26.406485,-2.1598015,-0.057950497,0.07495453953742981
1930-03-01,28.657404,27.16376,-1.4936447,0.1276294,0.16935481627782187
1930-04-01,28.82478,27.696283,-1.1284962,0.4721954,0.30216760436693824
1930-05-01,28.787308,26.849287,-1.9380207,0.29560375,0.43943346540133155
1930-06-01,28.809473,26.57265,-2.2368221,0.52548075,0.6173563996950786
1930-07-01,28.712692,26.304388,-2.4083042,0.9701288,0.8520830273628235
1930-08-01,28.625584,25.86543,-2.7601528,1.0369608,1.0798766016960144
1930-09-01,28.783815,26.114506,-2.6693096,1.3615527,1.2453778584798176
1930-10-01,29.097702,26.277916,-2.819786,1.2901506,1.3692828814188638
1930-11-01,29.300716,26.759563,-2.541153,1.5468602,1.4435967803001404
1930-12-01,28.92878,26.718136,-2.2106438,1.5085924,1.4054050842920938
1931-01-01,28.851406,27.195347,-1.6560593,1.3779387,1.2421218852202096
1931-02-01,28.886145,27.550238,-1.335907,0.765944,1.053394188483556
1931-03-01,28.756147,28.158112,-0.5980358,1.0232383,0.8821279803911843
1931-04-01,28.929712,28.193851,-0.7358608,0.86483073,0.6617425580819447
1931-05-01,29.253492,27.242188,-2.0113049,0.2223196,0.3895122706890105
1931-06-01,29.223242,26.439909,-2.7833328,-0.02102995,0.16760152578353882
1931-07-01,28.95266,25.804455,-3.1482048,0.23022819,0.046714127063751214
1931-08-01,28.752945,24.828695,-3.9242496,-0.12713599,0.001587569713592512
1931-09-01,28.60983,24.440804,-4.1690273,-0.138165,-0.008147080739339167
1931-10-01,28.71725,24.87975,-3.8375015,0.2724352,-0.013428529103597
1931-11-01,28.896683,24.597439,-4.299244,-0.21123075,-0.010219633579254164
1931-12-01,28.649979,24.855183,-3.794796,-0.075559855,0.04028737545013429
1932-01-01,28.28439,25.520218,-2.7641716,0.2698264,0.17895463109016418
1932-02-01,28.275896,26.51151,-1.7643852,0.33746576,0.34748271107673645
1932-03-01,28.597961,27.47035,-1.1276112,0.49366295,0.5029117862383524
1932-04-01,28.678274,27.682604,-0.9956703,0.60502124,0.670075923204422
1932-05-01,28.74355,27.472927,-1.2706223,0.9630022,0.8064559797445933
1932-06-01,28.667099,26.818161,-1.848938,0.9133649,0.8439263701438904
1932-07-01,28.275782,25.67399,-2.6017914,0.7766416,0.7627577582995095
1932-08-01,28.35569,25.20828,-3.1474094,0.6497042,0.6081929405530293
1932-09-01,28.504622,24.868076,-3.6365452,0.39431715,0.4302099545796712
1932-10-01,28.769705,24.933025,-3.8366795,0.27325726,0.25637467702229816
1932-11-01,28.841034,24.792746,-4.0482883,0.039724827,0.1140593886375427
1932-12-01,28.506413,24.818813,-3.6875992,0.031636953,0.03804481029510496
1933-01-01,28.510262,25.377077,-3.1331844,-0.09918642,0.0465243955453237
1933-02-01,28.24218,26.375446,-1.8667336,0.23511744,0.10417273640632631
1933-03-01,28.46031,26.954086,-1.5062237,0.115050435,0.13855955998102823
1933-04-01,28.692986,27.322668,-1.3703175,0.2303741,0.09507706761360167
1933-05-01,28.757044,26.428644,-2.3283997,-0.0947752,0.001695523659388215
1933-06-01,28.471128,25.63231,-2.8388176,-0.07651472,-0.0941976507504781
1933-07-01,28.402197,24.846582,-3.5556145,-0.17718148,-0.14244431257247925
1933-08-01,28.219952,24.184021,-4.0359306,-0.23881698,-0.1273264686266581
1933-09-01,28.222418,24.23172,-3.9906979,0.04016447,-0.11039415995279947
1933-10-01,28.2491,24.05408,-4.1950207,-0.08508396,-0.15332094828287762
1933-11-01,28.521824,24.097307,-4.4245167,-0.3365035,-0.22368659575780234
1933-12-01,28.241495,24.150578,-4.0909176,-0.37168145,-0.22479275862375891
1934-01-01,28.093807,25.051716,-3.0420914,-0.008093357,-0.13701817393302915
1934-02-01,27.938341,25.744577,-2.1937637,-0.09191275,-0.004440595706303903
1934-03-01,27.972923,26.46709,-1.5058327,0.11544144,0.12664196888605755
1934-04-01,28.49573,27.259039,-1.2366905,0.36400104,0.2377680440743764
1934-05-01,28.532719,26.54886,-1.9838581,0.24976635,0.28539598981539405
1934-06-01,28.584745,26.215944,-2.368801,0.39350176,0.2715788880983988
1934-07-01,28.431356,25.09066,-3.3406963,0.037736654,0.2850034832954407
1934-08-01,28.20067,24.861986,-3.338684,0.45842957,0.32620384295781457
1934-09-01,28.31558,24.748253,-3.5673275,0.46353483,0.33585548400878906
1934-10-01,28.592875,24.66635,-3.926525,0.1834116,0.2566642761230469
1934-11-01,28.781614,24.906467,-3.8751469,0.2128663,0.11351960897445676
1934-12-01,28.58534,24.724796,-3.8605442,-0.14130807,-0.04947165648142497
1935-01-01,28.2561,25.143026,-3.1130733,-0.07907534,-0.19458561142285669
1935-02-01,28.446957,25.731894,-2.715063,-0.6132121,-0.19720646739006042
1935-03-01,28.364511,26.775206,-1.5893059,0.031968236,-0.03904734055201209
1935-04-01,28.54439,27.312698,-1.2316914,0.3690002,0.13558708628018698
1935-05-01,28.606129,26.587774,-2.0183544,0.21527004,0.15395042300224304
1935-06-01,28.539972,25.80021,-2.7397614,0.022541523,0.0466765761375427
1935-07-01,28.336916,24.738214,-3.5987015,-0.22026849,0.017984052499135338
1935-08-01,28.63131,24.950144,-3.6811657,0.11594796,0.12005760272343957
1935-09-01,28.607374,25.042656,-3.5647182,0.46614408,0.2580413818359375
1935-10-01,28.886404,24.993198,-3.8932056,0.21673107,0.331268310546875
1935-11-01,28.910112,25.27625,-3.6338615,0.45415163,0.3539606134096781
1935-12-01,28.741566,25.25379,-3.4877758,0.23146033,0.3955644369125366
1936-01-01,28.566166,26.15237,-2.4137955,0.62020254,0.40464499592781067
1936-02-01,28.534794,26.814081,-1.7207127,0.38113832,0.34146629770596815
1936-03-01,28.54856,27.010267,-1.5382919,0.08298218,0.20722220341364542
1936-04-01,28.882074,27.51341,-1.3686638,0.23202777,0.03472935160001116
1936-05-01,29.173105,26.634518,-2.5385876,-0.3049631,-0.09668790300687155
1936-06-01,28.815014,25.826157,-2.9888573,-0.2265544,-0.15628947814305622
1936-07-01,28.675413,25.257175,-3.4182377,-0.039804697,-0.11241930723190308
1936-08-01,28.591377,24.627283,-3.9640942,-0.1669805,0.02825659513473512
1936-09-01,28.658018,24.92291,-3.7351074,0.2957549,0.1899852752685547
1936-10-01,28.992117,25.347885,-3.6442318,0.46570492,0.29707400004069007
1936-11-01,28.890192,25.042614,-3.847578,0.24043512,0.29113032420476276
1936-12-01,28.997478,25.538721,-3.4587574,0.26047873,0.21665116151173908
1937-01-01,28.498138,25.521658,-2.9764805,0.05751753,0.12101033329963684
1937-02-01,28.545435,26.64192,-1.9035149,0.19833612,0.025280982255935627
1937-03-01,28.907928,26.891829,-2.0161,-0.39482582,-0.049966275691986056
1937-04-01,28.808569,27.46935,-1.3392181,0.26147342,-0.12200495600700378
1937-05-01,28.938866,26.248003,-2.6908627,-0.4572382,-0.15405745307604474
1937-06-01,28.804226,25.889826,-2.9144,-0.15209723,-0.14860365788141885
1937-07-01,28.80248,25.471008,-3.3314724,0.046960592,-0.07238215208053589
1937-08-01,28.616877,24.614267,-4.0026093,-0.2054956,0.04421188433965051
1937-09-01,28.64002,25.082747,-3.5572739,0.47358847,0.0816688537597656
1937-10-01,28.848501,24.68154,-4.1669617,-0.057024956,0.04906415939331052
1937-11-01,29.154036,24.892296,-4.2617397,-0.17372656,-0.020650446414947503
1937-12-01,28.767042,25.170586,-3.5964565,0.12277961,-0.06060183048248291
1938-01-01,28.51679,25.25904,-3.2577496,-0.22375154,-0.0672154128551483
1938-02-01,28.421648,26.350916,-2.070732,0.03111887,-0.09890410304069519
1938-03-01,28.661152,26.84033,-1.8208218,-0.19954765,-0.11452160278956094
1938-04-01,28.72327,26.958372,-1.7648983,-0.16420674,-0.1409458816051483
1938-05-01,28.798077,26.611399,-2.186678,0.046946526,-0.29040220379829407
1938-06-01,28.518337,25.148195,-3.370142,-0.6078391,-0.5367618203163147
1938-07-01,28.529976,23.994616,-4.5353603,-1.1569273,-0.6741364995638529
1938-08-01,28.285328,23.972578,-4.31275,-0.5156362,-0.5475608309110005
1938-09-01,28.524073,24.354761,-4.1693115,-0.13844919,-0.3031616210937499
1938-10-01,28.431593,24.30744,-4.124153,-0.014216423,-0.21439504623413083
1938-11-01,28.654263,24.228592,-4.4256706,-0.33765745,-0.2837836543718974
1938-12-01,28.460453,24.169298,-4.291155,-0.5719187,-0.3408738374710083
1939-01-01,28.230482,25.038565,-3.1919174,-0.1579194,-0.3352164924144745
1939-02-01,28.021278,25.617563,-2.4037151,-0.30186415,-0.29851592580477393
1939-03-01,28.261566,26.208378,-2.0531883,-0.4319142,-0.22844340403874713
1939-04-01,28.71828,27.084274,-1.6340065,-0.033314943,-0.05596571167310077
1939-05-01,28.89702,26.813189,-2.0838318,0.14979267,0.17965941627820337
1939-06-01,28.684816,26.532413,-2.1524029,0.6099,0.3317074179649353
1939-07-01,28.801804,25.682272,-3.1195316,0.25890136,0.32745327552159625
1939-08-01,28.615236,25.166245,-3.4489918,0.34812188,0.2299108703931172
1939-09-01,29.079529,24.918642,-4.160887,-0.13002443,0.2063013712565104
1939-10-01,28.48562,24.745596,-3.7400246,0.36991215,0.2585773468017578
1939-11-01,28.851614,25.346312,-3.5053024,0.58271074,0.34010944763819373
1939-12-01,29.037262,25.235125,-3.8021374,-0.08290124,0.4837581713994344
1940-01-01,28.806479,26.791943,-2.014536,1.0194621,0.6780219376087189
1940-02-01,28.75339,27.61181,-1.1415787,0.9602723,0.8390247325102489
1940-03-01,28.874815,28.097132,-0.77768326,0.84359086,0.8097817699114481
1940-04-01,28.980492,28.10075,-0.87974167,0.7209499,0.6370460490385691
1940-05-01,29.103819,27.150084,-1.9537354,0.2798891,0.4482732315858205
1940-06-01,29.065477,26.733215,-2.332262,0.43004084,0.3316498796145121
1940-07-01,28.956959,25.541685,-3.4152737,-0.036840677,0.3453338742256165
1940-08-01,28.607325,25.619751,-2.9875736,0.80954003,0.3852760195732116
1940-09-01,28.727272,24.989147,-3.7381248,0.29273748,0.3610533078511555
1940-10-01,29.079569,25.157053,-3.9225159,0.18742085,0.3233586947123209
1940-11-01,29.218924,25.338558,-3.8803654,0.2076478,0.42782888809839886
1940-12-01,29.126785,26.227474,-2.899311,0.81992507,0.6769142548243205
1941-01-01,28.871881,26.826464,-2.0454178,0.9885802,0.9072370827198029
1941-02-01,28.683279,27.648594,-1.0346851,1.0671659,1.014851599931717
1941-03-01,29.01744,28.45977,-0.5576706,1.0636035,1.0110421776771545
1941-04-01,29.296824,28.629211,-0.6676121,0.9330795,0.9409351646900177
1941-05-01,29.459236,28.114388,-1.3448486,0.8887758,0.8128486176331837
1941-06-01,29.100004,26.972301,-2.1277027,0.63460016,0.6896058122316996
1941-07-01,28.921741,25.975746,-2.9459953,0.43243766,0.6564116279284159
1941-08-01,28.63459,25.677626,-2.9569645,0.84014916,0.7183079918225606
1941-09-01,28.723639,25.526941,-3.1966972,0.8341651,0.8133761088053385
1941-10-01,29.113142,25.827896,-3.285246,0.8246908,0.8795866966247559
1941-11-01,29.259506,26.168388,-3.0911179,0.9968953,0.8729846676190693
1941-12-01,29.287975,26.491686,-2.7962894,0.9229467,0.7443711360295613
1942-01-01,28.843859,26.221018,-2.622841,0.41115713,0.5163795451323191
1942-02-01,28.579254,26.669222,-1.9100323,0.19181871,0.2891962031523386
1942-03-01,28.510029,27.09949,-1.4105396,0.21073449,0.12356891234715776
1942-04-01,29.055876,27.369642,-1.6862335,-0.08554196,-0.02084808548291525
1942-05-01,28.951166,26.627443,-2.3237228,-0.09009838,-0.20185417930285138
1942-06-01,28.749725,25.525686,-3.224039,-0.4617362,-0.41195414463679
1942-07-01,28.56132,24.55213,-4.0091896,-0.6307566,-0.6104547381401062
1942-08-01,28.409685,23.764174,-4.6455116,-0.848398,-0.7496665120124817
1942-09-01,28.477386,23.664595,-4.812792,-0.7819295,-0.8334126472473143
1942-10-01,28.563038,23.55049,-5.0125484,-0.90261173,-0.8599556287129719
1942-11-01,28.566092,23.48863,-5.0774612,-0.9894481,-0.7630439400672913
1942-12-01,28.374918,24.109192,-4.265726,-0.54648995,-0.5575213034947712
1943-01-01,27.976803,24.873304,-3.1034985,-0.06950045,-0.3917668362458547
1943-02-01,28.020796,25.494106,-2.5266895,-0.42483854,-0.3404752115408579
1943-03-01,28.237251,26.09621,-2.1410408,-0.5197667,-0.305137574672699
1943-04-01,28.608603,26.935854,-1.6727486,-0.07205701,-0.16862389445304868
1943-05-01,29.03308,26.777058,-2.2560215,-0.022397041,0.03302706281344098
1943-06-01,28.852383,26.40615,-2.4462318,0.31607103,0.1795149842898051
1943-07-01,28.710835,25.60604,-3.1047955,0.27363753,0.21448276440302533
1943-08-01,28.652325,25.063442,-3.5888824,0.20823121,0.15263654788335163
1943-09-01,28.68266,24.58053,-4.102129,-0.07126665,0.05915419260660807
1943-10-01,28.819014,24.784607,-4.0344067,0.07553005,-0.03090492884318034
1943-11-01,28.794626,24.576609,-4.2180176,-0.1300044,-0.13380517562230426
1943-12-01,28.753067,24.756433,-3.9966335,-0.2773974,-0.19760000705718994
1944-01-01,28.57042,25.127645,-3.4427738,-0.4087758,-0.1519314150015513
1944-02-01,28.29576,26.473108,-1.8226509,0.27920008,-0.02783692876497902
1944-03-01,28.585773,26.901022,-1.6847515,-0.0634774,0.07244275013605754
1944-04-01,28.856869,27.49949,-1.357378,0.24331355,0.09469273686408997
1944-05-01,29.174908,26.90574,-2.269167,-0.035542488,0.08640151222546896
1944-06-01,29.020506,26.439121,-2.5813847,0.18091822,0.05808490514755249
1944-07-01,29.046644,25.637981,-3.4086628,-0.030229807,0.0003873308499654053
1944-08-01,28.871151,25.001387,-3.8697643,-0.07265067,-0.07492460807164511
1944-09-01,28.953007,24.758451,-4.1945553,-0.16369295,-0.1747455596923828
1944-10-01,28.961378,24.643799,-4.3175793,-0.20764256,-0.3082742691040039
1944-11-01,29.107275,24.448196,-4.6590786,-0.5710654,-0.43716166416804
1944-12-01,28.967152,24.65612,-4.3110313,-0.5917952,-0.4800788164138794
1945-01-01,28.640451,25.206781,-3.43367,-0.39967203,-0.4279974003632863
1945-02-01,28.543858,26.168097,-2.375761,-0.27391005,-0.3444156348705292
1945-03-01,28.29763,26.307257,-1.9903736,-0.3690995,-0.23449748754501343
1945-04-01,28.523502,26.783573,-1.7399292,-0.13923764,-0.07321020960807798
1945-05-01,28.782158,26.850077,-1.9320812,0.30154324,0.07112857699394227
1945-06-01,28.647726,26.04043,-2.607296,0.15500689,0.10202942291895548
1945-07-01,28.601496,25.192225,-3.4092712,-0.030838251,0.04069532950719196
1945-08-01,28.41577,24.550104,-3.8656654,-0.06855178,-0.0159805417060852
1945-09-01,28.542913,24.56284,-3.980074,0.050788403,-0.03326606750488281
1945-10-01,28.761227,24.518873,-4.2423534,-0.13241673,-0.04847399393717447
1945-11-01,28.945837,24.889221,-4.056616,0.031397343,-0.10994535684585571
1945-12-01,28.724735,24.775473,-3.9492626,-0.23002648,-0.23279488086700442
1946-01-01,28.506603,25.064213,-3.4423904,-0.40839243,-0.3794940014680227
1946-02-01,28.503975,25.792093,-2.7118816,-0.61003065,-0.45502882202466327
1946-03-01,28.547428,26.49457,-2.0528584,-0.43158424,-0.43153009812037146
1946-04-01,28.742336,26.871378,-1.8709583,-0.27026677,-0.3656154970328013
1946-05-01,29.009123,26.372759,-2.636364,-0.40273952,-0.2845795452594757
1946-06-01,28.839931,25.884312,-2.9556198,-0.19331694,-0.23185068368911738
1946-07-01,28.60216,25.242065,-3.360094,0.018338919,-0.22429150342941287
1946-08-01,28.488577,24.105991,-4.3825855,-0.58547187,-0.2165147264798482
1946-09-01,28.71477,24.65816,-4.05661,-0.025747776,-0.181644598642985
1946-10-01,28.813791,24.663109,-4.1506824,-0.040745735,-0.14944791793823242
1946-11-01,28.97281,24.668367,-4.3044434,-0.21643019,-0.1333340605099996
1946-12-01,29.06606,25.028437,-4.0376225,-0.31838632,-0.06810136636098224
1947-01-01,28.574402,25.90926,-2.665142,0.36885595,0.05158729354540509
1947-02-01,28.325558,26.263504,-2.0620537,0.039797306,0.139192928870519
1947-03-01,28.666105,27.240652,-1.4254532,0.19582093,0.10578050216039023
1947-04-01,28.685345,27.220135,-1.46521,0.1354816,-0.04344937205314639
1947-05-01,29.092796,26.450562,-2.6422348,-0.40861034,-0.21051592628161114
1947-06-01,29.370022,26.142971,-3.2270508,-0.4647479,-0.29369932413101196
1947-07-01,28.591627,25.113422,-3.4782047,-0.09977174,-0.27864648898442584
1947-08-01,28.553205,24.480356,-4.0728493,-0.27573562,-0.24029888709386193
1947-09-01,28.418901,24.07343,-4.3454723,-0.31461,-0.18166621526082355
1947-10-01,28.48937,24.306683,-4.1826878,-0.072751045,-0.04259936014811195
1947-11-01,28.417637,24.5533,-3.864336,0.22367716,0.12318112452824911
1947-12-01,28.666319,25.275429,-3.3908901,0.328346,0.2464979887008667
1948-01-01,28.468273,25.565565,-2.902708,0.13128996,0.3561295171578725
1948-02-01,28.20706,26.75765,-1.4494095,0.6524415,0.44801254073778785
1948-03-01,28.617495,27.578575,-1.0389194,0.58235466,0.4443332950274149
1948-04-01,28.724205,27.420618,-1.303587,0.2971046,0.2856774628162384
1948-05-01,29.150837,26.939865,-2.2109718,0.022652626,0.07614124814669287
1948-06-01,29.026045,26.03599,-2.990055,-0.22775221,-0.010875125726064049
1948-07-01,28.537691,25.19193,-3.3457603,0.032672644,0.04384754101435345
1948-08-01,28.419546,24.93986,-3.4796867,0.31742692,0.09388893842697146
1948-09-01,28.509628,24.58257,-3.9270592,0.10380316,0.04467264811197913
1948-10-01,28.698301,24.263649,-4.4346523,-0.3247156,0.010048230489095034
1948-11-01,28.706137,24.728176,-3.9779606,0.110052586,0.04456609487533574
1948-12-01,28.576181,25.317392,-3.258789,0.46044707,0.05348924795786536
1949-01-01,28.430073,24.97966,-3.4504128,-0.41641474,-0.0006885230541229248
1949-02-01,28.52585,26.467884,-2.0579662,0.043884754,0.00020189086596170136
1949-03-01,28.276497,26.689571,-1.5869255,0.034348607,0.1411912242571513
1949-04-01,28.697191,27.609135,-1.0880566,0.512635,0.2527671158313751
1949-05-01,28.766695,26.836826,-1.9298687,0.30375576,0.19437651832898456
1949-06-01,28.468592,25.630756,-2.8378353,-0.07553244,0.009648422400156627
1949-07-01,28.48169,24.875095,-3.606594,-0.2281611,-0.15936551491419476
1949-08-01,28.523201,24.40458,-4.118622,-0.32150817,-0.24442797899246216
1949-09-01,28.13404,23.990803,-4.143238,-0.112375736,-0.3167576789855957
1949-10-01,28.47556,23.815662,-4.659897,-0.54996014,-0.4140599568684896
1949-11-01,28.224909,23.627872,-4.5970364,-0.5090232,-0.5253096222877502
1949-12-01,28.278387,23.975977,-4.30241,-0.583174,-0.6296260754267374
1950-01-01,28.174196,24.384354,-3.7898426,-0.7558446,-0.6848352452119191
1950-02-01,27.886326,24.906221,-2.9801044,-0.87825346,-0.6437652607758839
1950-03-01,28.118965,26.196352,-1.9226131,-0.30133903,-0.5551995635032654
1950-04-01,28.436258,26.378122,-2.058136,-0.45744443,-0.5267246266206105
1950-05-01,28.632812,25.705088,-2.9277248,-0.6941004,-0.5666573345661163
1950-06-01,28.70799,25.319342,-3.388649,-0.6263461,-0.5199200908342997
1950-07-01,28.368773,24.519564,-3.8492088,-0.47077584,-0.3466235995292663
1950-08-01,28.111612,24.532915,-3.5786972,0.21841645,-0.1910776893297831
1950-09-01,28.211395,23.822042,-4.389353,-0.35849047,-0.16181182861328125
1950-10-01,28.237333,24.074944,-4.1623898,-0.05245304,-0.2519979476928711
1950-11-01,28.22835,23.605442,-4.6229076,-0.53489447,-0.29228009780248004
1950-12-01,28.356735,24.285074,-4.071661,-0.35242486,-0.1859594583511352
1951-01-01,27.868004,25.039347,-2.8286572,0.20534086,-0.0036363303661346123
1951-02-01,27.865072,25.982521,-1.8825512,0.2192998,0.16580266753832498
1951-03-01,28.034954,26.48295,-1.5520039,0.06927025,0.2838192582130432
1951-04-01,28.33773,27.378063,-0.9596672,0.64102435,0.397188534339269
1951-05-01,28.786476,26.895288,-1.8911877,0.3424368,0.5909340083599091
1951-06-01,28.6717,26.65714,-2.0145588,0.7477441,0.8764717777570089
1951-07-01,28.593342,26.700794,-1.8925476,1.4858854,1.1506600181261697
1951-08-01,28.58735,26.190931,-2.3964195,1.4006941,1.2678364316622415
1951-09-01,28.669043,25.714808,-2.954235,1.0766273,1.2228620847066243
1951-10-01,28.877264,25.943306,-2.933958,1.1759787,1.1263910929361978
1951-11-01,28.946987,26.010906,-2.936081,1.1519322,0.9770489732424418
1951-12-01,28.970066,25.977236,-2.9928303,0.72640586,0.7214064995447793
1952-01-01,28.767904,26.066984,-2.70092,0.3330779,0.4479044576485951
1952-02-01,28.55294,26.571335,-1.9816055,0.12024546,0.28504962722460425
1952-03-01,28.482866,27.212248,-1.2706184,0.35065567,0.18469562133153278
1952-04-01,28.861712,27.423027,-1.4386845,0.1620071,0.026714513699213634
1952-05-01,29.058474,26.458738,-2.5997353,-0.3661108,-0.18440368771553042
1952-06-01,28.796446,25.632809,-3.1636372,-0.4013343,-0.32143789529800415
1952-07-01,28.553188,24.79368,-3.7595081,-0.38107514,-0.33737438917160034
1952-08-01,28.419916,24.450436,-3.9694805,-0.17236686,-0.2999289631843567
1952-09-01,28.776997,24.309156,-4.46784,-0.43697786,-0.24775791168212888
1952-10-01,28.855888,24.691765,-4.1641235,-0.05418682,-0.2053542137145996
1952-11-01,28.746523,24.494062,-4.2524605,-0.16444731,-0.1536128322283427
1952-12-01,28.58497,24.594873,-3.990097,-0.2708609,-0.04268070062001546
1953-01-01,28.553009,25.745567,-2.8074417,0.2265563,0.13076165318489077
1953-02-01,28.36844,26.705725,-1.6627159,0.43913507,0.33506761988004047
1953-03-01,28.641447,27.342712,-1.2987347,0.32253945,0.5055668155352275
1953-04-01,28.886301,28.173454,-0.71284676,0.8878448,0.6165027916431427
1953-05-01,29.034014,27.369537,-1.6644764,0.56914806,0.6576578319072723
1953-06-01,28.83573,26.805883,-2.0298462,0.7324567,0.6003937125205994
1953-07-01,28.729486,25.782911,-2.9465752,0.43185782,0.5388720631599426
1953-08-01,28.522207,25.109129,-3.4130783,0.38403535,0.5279158155123393
1953-09-01,28.762993,25.55254,-3.210453,0.8204093,0.5147099494934082
1953-10-01,28.782543,24.982197,-3.8003464,0.30959034,0.46774260203043616
1953-11-01,28.88353,25.177664,-3.7058659,0.3821473,0.36586358149846393
1953-12-01,28.632607,25.296215,-3.3363914,0.3828447,0.24732355276743567
1954-01-01,28.557737,25.487799,-3.0699387,-0.035940647,0.13339824477831522
1954-02-01,28.334272,26.320715,-2.0135574,0.08829355,-0.04747801025708516
1954-03-01,28.467642,26.795347,-1.6722946,-0.051020503,-0.33876937627792364
1954-04-01,28.784548,26.138985,-2.6455631,-1.0448716,-0.6599578559398651
1954-05-01,28.851343,25.662243,-3.1891003,-0.9554758,-0.8491200904051462
1954-06-01,28.615189,25.044073,-3.5711155,-0.8088126,-0.8440539638201395
1954-07-01,28.346449,24.212551,-4.133898,-0.7554648,-0.7647276123364766
1954-08-01,28.25842,23.745604,-4.5128174,-0.7157037,-0.7019861340522766
1954-09-01,28.230124,23.573414,-4.6567097,-0.62584734,-0.6448415120442708
1954-10-01,28.422125,23.703918,-4.7182064,-0.6082697,-0.5914430618286133
1954-11-01,28.341108,23.745771,-4.595337,-0.50732374,-0.5197377800941467
1954-12-01,28.349867,24.08161,-4.268257,-0.549021,-0.3890876372655232
1955-01-01,28.164555,25.020718,-3.143837,-0.10983896,-0.24158713221549985
1955-02-01,27.859556,25.744495,-2.1150608,-0.01320982,-0.15087983012199402
1955-03-01,28.139437,26.25249,-1.8869476,-0.26567352,-0.17814852794011432
1955-04-01,28.132023,26.449171,-1.6828518,-0.082160234,-0.3205462793509165
1955-05-01,28.41856,25.505796,-2.9127636,-0.67913914,-0.4779463907082876
1955-06-01,28.439547,25.006977,-3.4325695,-0.6702666,-0.5486906965573628
1955-07-01,28.236856,24.362577,-3.874279,-0.49584603,-0.5278498530387878
1955-08-01,28.306917,24.213697,-4.0932198,-0.2961061,-0.5356677174568176
1955-09-01,28.347597,23.544178,-4.803419,-0.7725568,-0.6556933720906575
1955-10-01,28.180891,23.302841,-4.87805,-0.76811314,-0.8051425615946451
1955-11-01,28.252192,23.074589,-5.177603,-1.0895896,-0.838276445865631
1955-12-01,28.09517,23.66922,-4.425949,-0.70671296,-0.7109085321426392
1956-01-01,28.016771,24.47885,-3.537922,-0.5039239,-0.46169659495353693
1956-02-01,27.858446,25.601198,-2.257248,-0.15539694,-0.2073583304882049
1956-03-01,28.031597,26.561579,-1.4700184,0.15125573,-0.056033074855804436
1956-04-01,28.401224,26.698538,-1.7026863,-0.10199475,0.005579819281895944
1956-05-01,28.524601,26.289656,-2.2349453,-0.0013208389,0.02974690000216167
1956-06-01,28.294533,25.712759,-2.5817738,0.18052912,0.03307908773422241
1956-07-01,28.283651,24.880606,-3.4030457,-0.024612665,0.004567444324493394
1956-08-01,28.318089,24.375603,-3.9424858,-0.14537215,-0.027727425098419186
1956-09-01,28.160192,24.17844,-3.9817524,0.049109936,-0.06615416208902994
1956-10-01,28.463402,24.348204,-4.115198,-0.005261421,-0.17671632766723633
1956-11-01,28.62721,24.025421,-4.6017895,-0.5137763,-0.3702072103818258
1956-12-01,28.68278,24.403364,-4.279415,-0.560179,-0.5185014009475708
1957-01-01,28.568811,24.794643,-3.774168,-0.74017,-0.43953415751457214
1957-02-01,28.496916,26.180864,-2.3160515,-0.2142005,-0.1326516171296437
1957-03-01,28.553085,27.454996,-1.0980892,0.5231849,0.22732899586359662
1957-04-01,28.94645,27.821875,-1.1245747,0.4761169,0.5247143407662709
1957-05-01,29.305456,27.66146,-1.6439953,0.5896292,0.7916557490825653
1957-06-01,28.793959,27.299519,-1.4944401,1.2678628,1.0601368943850198
1957-07-01,28.729586,26.737381,-1.9922047,1.3862283,1.2214832107226052
1957-08-01,28.624336,26.073725,-2.5506115,1.2465022,1.1923136909802754
1957-09-01,28.679792,25.629091,-3.0507011,0.9801612,1.0807736714680989
1957-10-01,28.947353,25.792141,-3.1552124,0.9547243,1.0181180636088052
1957-11-01,29.066996,26.037714,-3.0292816,1.0587316,0.9993965824445088
1957-12-01,29.024086,26.340189,-2.683897,1.0353391,0.9394062757492065
1958-01-01,29.056917,26.8304,-2.2265167,0.8074813,0.7886349658171335
1958-02-01,28.917713,27.394018,-1.523695,0.578156,0.5867580076058705
1958-03-01,29.03376,27.746964,-1.2867966,0.33447754,0.3850691119829813
1958-04-01,28.906818,27.573383,-1.333435,0.2672565,0.23005536198616022
1958-05-01,29.199371,26.904947,-2.294424,-0.0607996,0.1672052244345347
1958-06-01,28.907316,26.437462,-2.4698544,0.29244852,0.16615527868270874
1958-07-01,28.756138,25.613773,-3.1423645,0.23606849,0.16365971167882282
1958-08-01,28.794477,25.02837,-3.7661076,0.031006098,0.12225455045700073
1958-09-01,28.61439,24.693605,-3.920784,0.110078335,0.07758426666259766
1958-10-01,28.858494,24.760698,-4.0977955,0.012141228,0.062202135721842446
1958-11-01,28.886265,24.923439,-3.9628258,0.1251874,0.056735138098398835
1958-12-01,28.902138,25.143959,-3.7581787,-0.038942575,0.06619266668955484
1959-01-01,28.574966,25.691366,-2.8836002,0.15039778,0.10456739862759906
1959-02-01,28.438578,26.447912,-1.9906654,0.11118555,0.18181024988492328
1959-03-01,28.488302,27.17833,-1.3099728,0.31130135,0.24336375792821252
1959-04-01,28.75988,27.550014,-1.2098656,0.390826,0.2260631223519643
1959-05-01,29.049109,26.834211,-2.2148972,0.018727303,0.13968965411186215
1959-06-01,28.650913,25.936792,-2.7141209,0.04818201,0.024415433406829827
1959-07-01,28.608065,25.202673,-3.4053917,-0.026958704,-0.06911836067835492
1959-08-01,28.587465,24.524477,-4.0629883,-0.26587462,-0.07650023698806764
1959-09-01,28.644642,24.526545,-4.1180973,-0.087234974,0.034526030222574916
1959-10-01,28.713705,25.043663,-3.670042,0.43989468,0.19343550999959308
1959-11-01,28.670624,24.850761,-3.8198624,0.2681508,0.2895597815513611
1959-12-01,28.528685,25.094223,-3.4344616,0.28477454,0.2852386236190796
1960-01-01,28.318577,25.59992,-2.7186565,0.31534147,0.24168335398038227
1960-02-01,28.115427,26.10697,-2.0084572,0.0933938,0.18137362599372864
1960-03-01,28.336369,26.951273,-1.3850956,0.23617852,0.09813378254572548
1960-04-01,28.738234,27.001116,-1.7371178,-0.13642621,0.039685438076655075
1960-05-01,28.925995,26.739017,-2.1869774,0.04664707,0.020460814237594608
1960-06-01,28.613583,25.93134,-2.6822433,0.08005953,0.057765424251556396
1960-07-01,28.565596,25.179026,-3.38657,-0.008136988,0.15697540839513144
1960-08-01,28.363602,24.960331,-3.4032707,0.39384294,0.24871716896692914
1960-09-01,28.565895,24.982931,-3.582964,0.4478984,0.21632734934488929
1960-10-01,28.690304,24.590258,-4.100046,0.009890556,0.0323400497436523
1960-11-01,28.797972,24.31123,-4.486742,-0.39872885,-0.13219314813613892
1960-12-01,28.818308,24.906239,-3.9120693,-0.19283319,-0.11050872008005776
1961-01-01,28.335339,25.410868,-2.924471,0.10952711,0.05105784535408022
1961-02-01,28.393501,26.594593,-1.7989082,0.30294275,0.2216048538684845
1961-03-01,28.339062,26.960773,-1.3782883,0.24298584,0.3405651052792867
1961-04-01,28.596548,27.578638,-1.01791,0.58278155,0.4042748113473256
1961-05-01,28.818829,26.933342,-1.8854866,0.34813786,0.383594403664271
1961-06-01,28.684679,26.366234,-2.3184452,0.44385767,0.24889049927393592
1961-07-01,28.401518,24.910763,-3.490755,-0.11232209,0.059327582518259675
1961-08-01,28.309612,24.433525,-3.8760872,-0.07897353,-0.10735334952672324
1961-09-01,28.336617,24.024183,-4.3124332,-0.2815709,-0.16816409428914386
1961-10-01,28.454134,24.109673,-4.3444614,-0.23452473,-0.1028796831766764
1961-11-01,28.628906,24.702024,-3.9268818,0.16113138,0.03158166011174521
1961-12-01,28.463306,24.887905,-3.5754013,0.14383483,0.1555575132369995
1962-01-01,28.247847,25.501944,-2.745903,0.288095,0.16364704569180807
1962-02-01,28.191713,26.268059,-1.9236546,0.17819643,0.015306661526362078
1962-03-01,28.359926,26.422812,-1.9371147,-0.3158406,-0.2108710010846456
1962-04-01,28.701607,26.511211,-2.1903954,-0.5897038,-0.3624154428641001
1962-05-01,28.773561,26.219275,-2.554287,-0.3206625,-0.3556726276874542
1962-06-01,28.768642,25.747482,-3.0211601,-0.25885725,-0.23080656925837198
1962-07-01,28.613304,25.110973,-3.5023308,-0.12389779,-0.09341814120610552
1962-08-01,28.450962,24.842983,-3.6079788,0.18913484,-0.031866371631622314
1962-09-01,28.512215,24.385756,-4.126459,-0.09559679,-0.07797972361246747
1962-10-01,28.788885,24.457354,-4.3315315,-0.22159481,-0.19794114430745444
1962-11-01,28.813736,24.393631,-4.420105,-0.3320918,-0.27679862578709924
1962-12-01,28.564976,24.450756,-4.1142197,-0.39498353,-0.26289236545562744
1963-01-01,28.431974,25.350092,-3.0818825,-0.047884464,-0.18706445892651874
1963-02-01,28.393019,26.077917,-2.3151016,-0.21325064,-0.09037682414054869
1963-03-01,28.601997,27.084282,-1.5177155,0.10355866,-0.016173144181569413
1963-04-01,28.874651,27.270401,-1.60425,-0.0035583973,0.07954218983650206
1963-05-01,29.083218,26.939592,-2.1436253,0.0899992,0.26020945111910504
1963-06-01,28.766335,26.605349,-2.160986,0.6013169,0.506857176621755
1963-07-01,28.757177,26.244427,-2.5127506,0.86568236,0.7122759620348612
1963-08-01,28.786627,25.803045,-2.9835815,0.8135321,0.790516714255015
1963-09-01,28.744802,25.463976,-3.2808266,0.75003576,0.7683332761128743
1963-10-01,29.001217,25.674881,-3.326336,0.7836008,0.7239305178324381
1963-11-01,29.15989,25.634651,-3.525238,0.56277514,0.6778098146120707
1963-12-01,28.99343,26.074991,-2.918438,0.8007982,0.5665795405705769
1964-01-01,28.72316,26.068546,-2.6546135,0.37938452,0.3653436005115509
1964-02-01,28.547583,26.431414,-2.116169,-0.014317989,0.08418896794319151
1964-03-01,28.443405,26.7665,-1.6769047,-0.055630565,-0.26204627752304077
1964-04-01,28.73617,26.430958,-2.305212,-0.70452046,-0.6026464800039928
1964-05-01,28.93097,25.552443,-3.3785267,-1.1449022,-0.7865763803323109
1964-06-01,28.706264,25.146202,-3.5600624,-0.79775953,-0.718005875746409
1964-07-01,28.52505,24.84978,-3.67527,-0.2968371,-0.48439186811447144
1964-08-01,28.187721,23.995314,-4.1924076,-0.39529395,-0.2606634895006815
1964-09-01,28.09366,24.161507,-3.9321537,0.09870863,-0.13767735163370767
1964-10-01,28.301003,24.036425,-4.264578,-0.15464115,-0.10848506291707358
1964-11-01,28.333652,24.145319,-4.1883335,-0.10032034,-0.14302068948745728
1964-12-01,28.16573,24.163366,-4.002363,-0.28312707,-0.13677926858266193
1965-01-01,28.167986,25.033617,-3.134369,-0.100370884,-0.010213186343510927
1965-02-01,28.016413,26.162434,-1.8539791,0.24787188,0.2075783709685008
1965-03-01,28.141527,27.005264,-1.1362629,0.48501122,0.4586328466733297
1965-04-01,28.576427,27.604395,-0.97203255,0.628659,0.7122222880522411
1965-05-01,28.797962,27.598665,-1.199297,1.0343275,0.9754484991232553
1965-06-01,28.654898,27.118738,-1.5361595,1.2261434,1.238147993882497
1965-07-01,28.378881,26.519102,-1.8597794,1.5186536,1.4398619135220845
1965-08-01,28.38866,26.257147,-2.1315136,1.6656001,1.5276435414950051
1965-09-01,28.564919,26.028227,-2.5366917,1.4941707,1.5082988739013672
1965-10-01,28.93951,26.23428,-2.7052307,1.404706,1.4348441759745278
1965-11-01,29.07755,26.38287,-2.6946812,1.393332,1.3489636778831482
1965-12-01,28.889435,26.441397,-2.448038,1.271198,1.2080108722050984
1966-01-01,28.709549,26.767904,-1.9416447,1.0923533,0.9291342397530873
1966-02-01,28.504654,26.95238,-1.5522747,0.5495763,0.5406257609526315
1966-03-01,28.80119,27.104458,-1.6967316,-0.075457454,0.15719960133234656
1966-04-01,28.889404,27.256031,-1.6333733,-0.032681704,-0.11743272344271345
1966-05-01,29.029272,26.340836,-2.6884365,-0.45481205,-0.2341389159361521
1966-06-01,28.957026,25.957489,-2.9995365,-0.23723364,-0.24978309869766233
1966-07-01,28.878847,25.395199,-3.4836483,-0.10521531,-0.2367709676424662
1966-08-01,28.708578,24.575766,-4.1328125,-0.33569884,-0.2246573567390442
1966-09-01,28.802246,24.524603,-4.277643,-0.24678087,-0.2202679316202799
1966-10-01,28.851044,24.681236,-4.1698074,-0.05987072,-0.23493846257527667
1966-11-01,28.87837,24.42619,-4.452181,-0.3641677,-0.2470532059669495
1966-12-01,28.720516,24.590046,-4.1304703,-0.41123414,-0.17291732629140216
1967-01-01,28.087069,25.205198,-2.8818703,0.15212774,-0.017802844444910648
1967-02-01,27.910736,26.074804,-1.8359318,0.2659192,0.050786207119623825
1967-03-01,28.269615,26.626308,-1.6433067,-0.022032619,-0.06455606222152714
1967-04-01,28.764435,26.73045,-2.0339851,-0.43329358,-0.20812142888704935
1967-05-01,29.080975,26.510803,-2.5701714,-0.3365469,-0.22055255373318988
1967-06-01,28.897257,26.18049,-2.7167664,0.045536518,-0.16406112909317017
1967-07-01,28.631216,25.137644,-3.4935722,-0.115139246,-0.1844018499056498
1967-08-01,28.46084,24.301199,-4.1596413,-0.3625276,-0.3062823414802551
1967-09-01,28.481886,23.986279,-4.4956074,-0.46474504,-0.4310051600138346
1967-10-01,28.658451,24.017353,-4.641098,-0.5311613,-0.494064172108968
1967-11-01,28.762674,24.157785,-4.604889,-0.51687574,-0.5350812872250874
1967-12-01,28.59149,24.375519,-4.215971,-0.49673486,-0.6243815024693806
1968-01-01,28.451534,24.612497,-3.839037,-0.8050389,-0.7487479547659557
1968-02-01,28.346018,25.235434,-3.1105843,-1.0087333,-0.7965753575166066
1968-03-01,28.320372,25.967558,-2.3528137,-0.7315396,-0.7239789366722107
1968-04-01,28.595566,26.577374,-2.0181923,-0.41750073,-0.591949592034022
1968-05-01,28.92879,26.017317,-2.9114723,-0.67784786,-0.4252002537250519
1968-06-01,29.039873,26.081074,-2.9587994,-0.19649649,-0.19247490167617795
1968-07-01,28.906185,25.710272,-3.1959133,0.18251967,0.0892774065335592
1968-08-01,28.741,25.323658,-3.4173412,0.37977242,0.2855347196261088
1968-09-01,28.745321,25.18373,-3.561592,0.46927023,0.32290156682332355
1968-10-01,29.140366,25.178883,-3.961483,0.14845371,0.28867292404174805
1968-11-01,29.245321,25.387848,-3.8574734,0.2305398,0.25502103567123413
1968-12-01,29.090267,25.762089,-3.3281784,0.39105773,0.2030409574508667
1969-01-01,29.0633,26.07959,-2.9837093,0.050288677,0.12883332371711725
1969-02-01,28.995434,26.774904,-2.2205296,-0.11867857,0.10537309447924297
1969-03-01,28.940418,27.616312,-1.3241062,0.2971679,0.20850584904352826
1969-04-01,29.13878,27.843853,-1.2949276,0.30576396,0.4108221034208933
1969-05-01,29.250517,27.718746,-1.5317707,0.70185375,0.5740549266338348
1969-06-01,29.015667,27.081787,-1.9338799,0.828423,0.6094207167625427
1969-07-01,28.856497,25.85958,-2.9969177,0.38151526,0.541466216246287
1969-08-01,28.862244,25.508615,-3.3536282,0.4434855,0.48048832019170123
1969-09-01,29.050684,25.473776,-3.576908,0.45395422,0.5142318407694498
1969-10-01,29.16943,25.71658,-3.4528503,0.6570864,0.5862504641215006
1969-11-01,29.2467,25.830421,-3.4162788,0.67173433,0.6105312705039978
1969-12-01,29.153101,26.019974,-3.1331272,0.5861089,0.525626540184021
1970-01-01,28.891087,26.312986,-2.5781002,0.4558978,0.3112704257170359
1970-02-01,28.691406,26.512655,-2.178751,-0.076900005,0.04711996515591936
1970-03-01,28.813696,26.904715,-1.9089813,-0.2877072,-0.18739567200342816
1970-04-01,28.897379,27.079046,-1.8183327,-0.21764112,-0.37641045451164246
1970-05-01,29.230005,26.326187,-2.9038181,-0.6701937,-0.594325969616572
1970-06-01,28.935823,25.477762,-3.4580612,-0.69575834,-0.8597066203753153
1970-07-01,28.760939,23.959274,-4.8016644,-1.4232314,-1.0160638689994812
1970-08-01,28.457914,23.62527,-4.8326435,-1.0355299,-0.9486334919929504
1970-09-01,28.570705,23.90406,-4.666645,-0.6357827,-0.7462387084960938
1970-10-01,28.64592,24.167301,-4.4786186,-0.3686819,-0.6113823254903157
1970-11-01,28.83073,23.96685,-4.86388,-0.775867,-0.5932401617368062
1970-12-01,28.381844,24.071226,-4.3106174,-0.5913813,-0.6099328597386677
1971-01-01,28.020844,24.487404,-3.5334396,-0.49944162,-0.6008057296276093
1971-02-01,27.983692,25.12278,-2.8609123,-0.75906134,-0.535682330528895
1971-03-01,28.051077,26.045095,-2.0059814,-0.38470733,-0.4208292365074157
1971-04-01,28.425537,26.676731,-1.748806,-0.14811444,-0.2905281086762746
1971-05-01,28.62701,26.103233,-2.523777,-0.29015255,-0.18677404522895813
1971-06-01,28.414421,25.54188,-2.8725414,-0.11023855,-0.11725479364395139
1971-07-01,28.25268,24.953335,-3.299345,0.07908797,-0.07209207614262898
1971-08-01,28.176905,24.194996,-3.9819088,-0.18479514,-0.09626990556716919
1971-09-01,28.201658,24.164593,-4.0370655,-0.0062031746,-0.22045834859212243
1971-10-01,28.6197,23.985289,-4.634411,-0.52447414,-0.3871992429097494
1971-11-01,28.688974,24.028994,-4.659981,-0.5719676,-0.49618615706761676
1971-12-01,28.528318,24.179895,-4.348423,-0.62918687,-0.458415150642395
1972-01-01,28.400723,25.167547,-3.2331753,-0.19917727,-0.30602897206942237
1972-02-01,28.433132,26.184956,-2.2481766,-0.14632559,-0.11621456344922382
1972-03-01,28.608782,27.010374,-1.5984077,0.022866368,0.08306509256362918
1972-04-01,29.02596,27.774117,-1.2518444,0.34884715,0.3311605751514435
1972-05-01,29.212664,27.475967,-1.7366962,0.49692822,0.6724655330181122
1972-06-01,28.926977,27.330154,-1.5968227,1.1654801,1.1008045872052512
1972-07-01,28.774773,26.912365,-1.8624077,1.5160253,1.5281858245531716
1972-08-01,28.559042,26.921955,-1.6370869,2.1600268,1.7961665987968443
1972-09-01,28.637798,26.407616,-2.2301826,1.8006797,1.878927230834961
1972-10-01,29.098576,26.786936,-2.3116398,1.7982969,1.8892958958943682
1972-11-01,29.168806,27.034204,-2.1346016,1.9534116,1.8780564665794373
1972-12-01,29.217287,27.554113,-1.6631737,2.0560625,1.711916168530782
1973-01-01,28.957039,27.282314,-1.6747246,1.3592734,1.2965310712655382
1973-02-01,28.71359,27.194132,-1.5194588,0.5823922,0.7492946286996205
1973-03-01,28.774746,27.405975,-1.3687706,0.2525035,0.2248395880063374
1973-04-01,28.866966,27.036848,-1.8301182,-0.22942662,-0.19917834798494977
1973-05-01,29.066736,26.103003,-2.9637337,-0.7301092,-0.49946652849515283
1973-06-01,28.77508,25.390768,-3.3843117,-0.6220088,-0.6625101367632548
1973-07-01,28.523996,24.374205,-4.1497917,-0.7713587,-0.6949186523755391
1973-08-01,28.32762,23.80225,-4.5253696,-0.728256,-0.6455131967862446
1973-09-01,28.245619,23.742071,-4.5035477,-0.47268534,-0.5714831352233887
1973-10-01,28.284311,23.695381,-4.58893,-0.47899342,-0.5247055689493815
1973-11-01,28.21274,23.550777,-4.6619625,-0.57394934,-0.5190161665280659
1973-12-01,27.921007,23.689438,-4.2315693,-0.51233315,-0.5061451196670532
1974-01-01,27.74513,24.2254,-3.5197296,-0.4857316,-0.4318287869294484
1974-02-01,27.81927,25.351046,-2.4682236,-0.3663726,-0.2718809147675832
1974-03-01,27.910706,26.260479,-1.6502266,-0.02895248,-0.05620568990707395
1974-04-01,28.210417,26.86903,-1.3413868,0.25930476,0.14649664362271628
1974-05-01,28.574232,26.588884,-1.9853477,0.24827671,0.2838481763998667
1974-06-01,28.428555,26.095392,-2.3331623,0.42914057,0.35814581314722693
1974-07-01,28.31313,25.311384,-3.0017452,0.37668777,0.38798298438390094
1974-08-01,28.30479,24.954666,-3.3501244,0.4469893,0.33878010511398315
1974-09-01,28.34723,24.588747,-3.758484,0.27237844,0.2057576179504394
1974-10-01,28.433788,24.224916,-4.208872,-0.09893513,0.0579562187194824
1974-11-01,28.38836,24.259073,-4.129286,-0.04127264,-0.016785363356272384
1974-12-01,28.223566,24.455238,-3.7683277,-0.049091578,-0.010337789853413888
1975-01-01,28.103388,25.204758,-2.8986301,0.13536787,0.017448455095291124
1975-02-01,28.139004,25.926115,-2.2128887,-0.11103773,0.0677515963713328
1975-03-01,28.177877,26.746174,-1.4317036,0.18957055,0.10613320271174115
1975-04-01,28.39405,27.124805,-1.2692451,0.3314464,0.05389852325121559
1975-05-01,28.55703,26.042128,-2.514902,-0.28127766,-0.06198003888130191
1975-06-01,28.316265,25.261118,-3.0551472,-0.2928443,-0.09926499923070271
1975-07-01,28.017597,24.715137,-3.3024597,0.07597327,-0.0026087959607441896
1975-08-01,27.848372,24.315922,-3.5324497,0.26466393,0.08978273471196492
1975-09-01,27.810179,23.809937,-4.000242,0.030620098,0.06973886489868163
1975-10-01,27.823494,23.705359,-4.1181355,-0.008198738,-0.03520377477010092
1975-11-01,27.959517,23.74052,-4.218996,-0.13098288,-0.19189204772313434
1975-12-01,27.754639,23.682177,-4.072462,-0.35322595,-0.34841946760813397
1976-01-01,27.890982,24.131865,-3.7591171,-0.7251191,-0.3801118234793345
1976-02-01,27.797783,25.504307,-2.293476,-0.19162512,-0.21147868037223813
1976-03-01,28.131575,26.614971,-1.5166035,0.104670644,0.08693367242813113
1976-04-01,28.383934,27.22657,-1.1573639,0.44332767,0.40176569422086084
1976-05-01,28.593235,26.954144,-1.6390915,0.59453297,0.7160902520020802
1976-06-01,28.547363,26.926952,-1.6204109,1.141892,1.028628925482432
1976-07-01,28.415464,26.391653,-2.0238113,1.3546216,1.2606868545214334
1976-08-01,28.229685,25.917759,-2.311926,1.4851878,1.3304254412651062
1976-09-01,28.533413,25.736534,-2.7968788,1.2339835,1.2426894505818684
1976-10-01,28.899231,25.905941,-2.99329,1.1166468,1.0710387229919434
1976-11-01,29.209856,25.938057,-3.271799,0.8162141,0.9215622941652933
1976-12-01,28.857935,25.888796,-2.969139,0.75009704,0.8286808729171753
1977-01-01,28.589394,26.515072,-2.0743217,0.95967627,0.7344829539457957
1977-02-01,28.517132,26.914745,-1.6023865,0.4994645,0.5449549655119578
1977-03-01,28.596954,27.385872,-1.2110825,0.41019166,0.25772561629613233
1977-04-01,28.747673,26.828882,-1.9187908,-0.31809926,0.04589210947354633
1977-05-01,28.9672,26.681744,-2.2854557,-0.051831245,0.011801133553187071
1977-06-01,28.941381,26.427635,-2.5137463,0.24855661,0.05868858098983766
1977-07-01,28.859407,25.62835,-3.2310581,0.14737487,0.03594126303990681
1977-08-01,28.763414,24.707806,-4.0556087,-0.2584951,-0.011903425057729105
1977-09-01,28.914318,24.806898,-4.10742,-0.076557636,0.0615342458089193
1977-10-01,29.058249,25.378443,-3.6798058,0.43013096,0.22031148274739584
1977-11-01,29.191174,25.48552,-3.7056541,0.38235903,0.3244404196739197
1977-12-01,29.118183,25.663252,-3.4549313,0.26430488,0.33295222123463947
1978-01-01,28.802519,26.12562,-2.676899,0.35709906,0.2921653091907501
1978-02-01,28.451681,26.639532,-1.812149,0.28970194,0.1822085678577423
1978-03-01,28.516531,26.928465,-1.5880661,0.033208013,-0.04475460449854536
1978-04-01,28.724213,26.71599,-2.0082226,-0.40753102,-0.3212752044200897
1978-05-01,29.099684,26.19256,-2.9071236,-0.6734991,-0.5245111286640167
1978-06-01,28.979053,25.622744,-3.35631,-0.594007,-0.6058540940284729
1978-07-01,28.90303,24.895866,-4.007164,-0.628731,-0.577416439851125
1978-08-01,28.671778,24.294664,-4.3771133,-0.5799997,-0.44312920173009235
1978-09-01,28.676907,24.42749,-4.2494164,-0.21855402,-0.22179905573527015
1978-10-01,28.747475,24.775848,-3.9716263,0.13831043,0.01245721181233726
1978-11-01,28.912727,24.99114,-3.921587,0.16642618,0.13909588257471722
1978-12-01,28.812122,25.425514,-3.3866081,0.332628,0.08557911713918048
1979-01-01,28.828121,25.603308,-3.2248135,-0.19081545,-0.06961422165234886
1979-02-01,28.692068,26.221512,-2.4705563,-0.36870527,-0.14425544937451681
1979-03-01,28.734436,26.982859,-1.7515774,-0.13030326,-0.03997224569320676
1979-04-01,28.82867,27.602463,-1.2262077,0.37448382,0.15070663889249167
1979-05-01,29.044613,27.026014,-2.0185986,0.2150259,0.27293655276298523
1979-06-01,28.964016,26.626795,-2.3372211,0.42508173,0.3168391585350036
1979-07-01,28.758183,25.526491,-3.2316914,0.14674163,0.4174691637357076
1979-08-01,28.541407,25.38625,-3.155157,0.64195657,0.595414658387502
1979-09-01,28.643345,25.619005,-3.0243397,1.0065227,0.7261730829874674
1979-10-01,28.903427,25.485765,-3.4176617,0.69227505,0.6997048060099285
1979-11-01,29.010712,25.461248,-3.5494633,0.5385499,0.5429853796958923
1979-12-01,29.067823,25.69877,-3.369053,0.35018325,0.34706389904022217
1980-01-01,28.851202,26.044931,-2.8062706,0.22772741,0.129802256822586
1980-02-01,28.767262,26.438337,-2.3289242,-0.2270732,-0.05713730057080589
1980-03-01,28.85195,26.969513,-1.8824368,-0.26116264,-0.1363946000734965
1980-04-01,28.999489,27.371565,-1.627924,-0.027232409,-0.07837880651156107
1980-05-01,29.271608,26.981089,-2.2905197,-0.056895256,0.03297588229179385
1980-06-01,29.03492,26.622248,-2.412672,0.34963083,0.07629102468490599
1980-07-01,28.854578,25.393404,-3.461174,-0.08274102,0.058670818805694566
1980-08-01,28.600533,24.76653,-3.8340034,-0.03688979,0.015967706839243576
1980-09-01,28.674173,24.796997,-3.8771763,0.15368605,-0.03482357660929364
1980-10-01,28.9789,24.64567,-4.333231,-0.22329426,-0.08062410354614259
1980-11-01,29.198032,24.940685,-4.257347,-0.16933393,-0.15281158685684204
1980-12-01,28.958473,25.248758,-3.709715,0.009521246,-0.272066871325175
1981-01-01,28.629618,24.92685,-3.7027683,-0.6687703,-0.38896096746126807
1981-02-01,28.46404,25.79691,-2.6671314,-0.56528044,-0.4117447237173716
1981-03-01,28.685402,26.908289,-1.777113,-0.15583885,-0.3216655453046163
1981-04-01,28.851213,27.035013,-1.8162003,-0.2155087,-0.2102660834789276
1981-05-01,29.179205,26.720087,-2.459118,-0.22549343,-0.15250868598620093
1981-06-01,28.979465,26.265282,-2.7141838,0.04811907,-0.14182446400324503
1981-07-01,28.824287,25.175732,-3.6485558,-0.27012277,-0.14245464404424033
1981-08-01,28.614931,24.625805,-3.9891262,-0.19201255,-0.11713550488154092
1981-09-01,28.836864,24.834211,-4.002653,0.02820921,-0.07002766927083331
1981-10-01,29.010098,24.940207,-4.069891,0.04004574,-0.042647520701090506
1981-11-01,29.17289,24.85773,-4.315159,-0.22714567,-0.01841185490290323
1981-12-01,28.988113,25.385746,-3.6023674,0.116868734,0.037077943483988456
1982-01-01,28.674292,25.828981,-2.8453102,0.1886878,0.06679458419481914
1982-02-01,28.483707,26.434645,-2.0490627,0.052788258,0.015259454647699969
1982-03-01,28.781082,26.924767,-1.8563156,-0.2350415,-0.020503779252370194
1982-04-01,29.078417,27.471878,-1.6065388,-0.0058472157,0.08835223317146301
1982-05-01,29.342567,27.473553,-1.8690147,0.36460972,0.3303164343039195
1982-06-01,29.23383,27.11365,-2.1201801,0.64212275,0.6221761107444763
1982-07-01,28.6827,26.13584,-2.5468597,0.83157325,0.9557715853055317
1982-08-01,28.523401,26.041208,-2.482193,1.3149207,1.355917791525523
1982-09-01,28.696411,26.572775,-2.1236362,1.9072261,1.7937552134195962
1982-10-01,29.124437,27.16731,-1.9571266,2.15281,2.208884874979655
1982-11-01,29.048237,27.621616,-1.4266205,2.6613927,2.525906026363373
1982-12-01,28.99273,28.148094,-0.844635,2.8746011,2.662075400352478
1983-01-01,28.843493,28.485336,-0.3581562,2.6758418,2.575683295726776
1983-02-01,28.605307,28.785442,0.18013573,2.2819867,2.3569906552632647
1983-03-01,28.67785,29.130253,0.4524021,2.073676,2.1809298396110535
1983-04-01,28.793049,29.225143,0.43209457,2.0327861,2.122885227203369
1983-05-01,29.037735,29.060404,0.022668839,2.2562933,2.081741213798523
1983-06-01,28.949034,28.258314,-0.6907196,2.0715833,1.9253515601158142
1983-07-01,28.588985,26.77949,-1.8094959,1.5689371,1.6170182029406228
1983-08-01,28.454935,25.96723,-2.4877052,1.3094084,1.193477173646291
1983-09-01,28.516005,25.214344,-3.3016605,0.7292018,0.7202890714009602
1983-10-01,28.582022,24.590178,-3.9918442,0.11809254,0.28746541341145826
1983-11-01,28.569347,24.356556,-4.2127914,-0.12477827,-0.01590385039647422
1983-12-01,28.504004,24.639303,-3.8647003,-0.14546418,-0.17484422524770102
1984-01-01,28.45544,25.082623,-3.372818,-0.33881998,-0.2112871507803599
1984-02-01,28.284513,25.93909,-2.3454227,-0.24357176,-0.14528907338778174
1984-03-01,28.3117,26.802147,-1.5095539,0.111720204,-0.06036402781804401
1984-04-01,28.489216,26.946106,-1.5431099,0.057581663,-0.08192790548006694
1984-05-01,28.634226,26.126143,-2.5080833,-0.2744589,-0.20027632514635724
1984-06-01,28.497662,25.253685,-3.2439766,-0.48167372,-0.2727881073951721
1984-07-01,28.478428,24.95507,-3.5233574,-0.1449244,-0.24817834297815958
1984-08-01,28.407413,24.464106,-3.9433079,-0.14619422,-0.21757314602533973
1984-09-01,28.751928,24.480686,-4.271242,-0.24037981,-0.2569737434387207
1984-10-01,28.614372,24.115921,-4.498451,-0.38851452,-0.3473385175069173
1984-11-01,28.572886,24.111757,-4.461128,-0.37311506,-0.4493427872657776
1984-12-01,28.27927,23.932709,-4.3465614,-0.6273253,-0.5474438269933064
1985-01-01,28.333427,24.687675,-3.645752,-0.61175394,-0.61528679728508
1985-02-01,28.21061,25.391855,-2.8187542,-0.7169032,-0.6231093108654022
1985-03-01,28.280869,26.12897,-2.1518993,-0.5306252,-0.6076271732648213
1985-04-01,28.505514,26.349586,-2.1559277,-0.5552361,-0.6005038917064667
1985-05-01,28.81233,25.837852,-2.9744778,-0.7408533,-0.5919546584288279
1985-06-01,28.644634,25.428568,-3.2160664,-0.45376348,-0.5752748449643452
1985-07-01,28.614351,24.6535,-3.9608517,-0.5824187,-0.5562761823336283
1985-08-01,28.577326,24.21702,-4.360306,-0.5631921,-0.5641921162605286
1985-09-01,28.735142,24.15036,-4.5847816,-0.5539193,-0.5939968427022297
1985-10-01,28.911842,24.147146,-4.764696,-0.6547594,-0.6316035588582356
1985-11-01,29.121593,24.357569,-4.7640247,-0.67601156,-0.664607584476471
1985-12-01,28.99189,24.565434,-4.4264565,-0.7072203,-0.6549125909805298
1986-01-01,28.5915,24.926115,-3.6653843,-0.6313863,-0.5901350677013397
1986-02-01,28.463566,25.908598,-2.5549679,-0.4531169,-0.49488430221875507
1986-03-01,28.610426,26.5901,-2.0203266,-0.3990525,-0.4260653853416443
1986-04-01,28.814737,26.886438,-1.928299,-0.3276074,-0.4127181073029836
1986-05-01,29.098223,26.321583,-2.77664,-0.5430155,-0.3922309378782908
1986-06-01,29.131805,26.006636,-3.1251698,-0.36286688,-0.31533739964167273
1986-07-01,29.02388,25.581213,-3.442667,-0.06423402,-0.19603381554285684
1986-08-01,28.9729,24.992561,-3.980339,-0.1832254,-0.04986268281936645
1986-09-01,29.10511,25.16007,-3.9450397,0.08582258,0.13423681259155276
1986-10-01,29.312172,25.634886,-3.6772861,0.43265057,0.3504112561543783
1986-11-01,29.352715,25.848211,-3.5045033,0.5835099,0.5475278894106547
1986-12-01,29.027454,25.957779,-3.0696754,0.6495607,0.6946007808049519
1987-01-01,28.855145,26.724985,-2.1301594,0.90383863,0.7922967573006947
1987-02-01,28.689737,27.430157,-1.2595806,0.8422704,0.8425873418649037
1987-03-01,28.973001,28.18493,-0.7880707,0.83320343,0.8592212001482645
1987-04-01,29.079979,28.360567,-0.71941185,0.8812797,0.86499884724617
1987-05-01,29.363678,28.033405,-1.3302727,0.9033518,0.8891654511292775
1987-06-01,29.370043,27.410671,-1.9593716,0.8029313,0.9591446916262308
1987-07-01,29.030804,26.823112,-2.2076912,1.1707418,1.0723159909248352
1987-08-01,28.909487,26.306824,-2.602663,1.1944506,1.1486589312553406
1987-09-01,29.14691,26.405375,-2.7415352,1.2893271,1.082212766011556
1987-10-01,29.45779,26.17082,-3.2869701,0.8229666,0.8966248830159504
1987-11-01,29.605371,26.12361,-3.481762,0.60625124,0.6752665241559346
1987-12-01,29.364775,26.231985,-3.1327896,0.5864465,0.4384559392929077
1988-01-01,29.037434,26.164062,-2.8733711,0.16062689,0.1785342196623484
1988-02-01,28.802265,26.492498,-2.3097668,-0.20791578,-0.09948632121086123
1988-03-01,28.983562,27.120348,-1.8632145,-0.24194038,-0.37664471069971717
1988-04-01,28.913752,26.608381,-2.3053703,-0.7046788,-0.6744874020417531
1988-05-01,28.913023,25.70458,-3.2084427,-0.9748182,-0.9821581343809763
1988-06-01,28.720024,24.54078,-4.179245,-1.4169421,-1.1916558543841043
1988-07-01,28.530035,23.87178,-4.6582546,-1.2798216,-1.2293497920036316
1988-08-01,28.470366,23.509748,-4.960617,-1.1635034,-1.1386200388272603
1988-09-01,28.456821,23.509203,-4.9476185,-0.91675615,-1.0261524518330891
1988-10-01,28.32739,23.214703,-5.112688,-1.0027514,-0.9450853665669758
1988-11-01,28.304724,23.348492,-4.956232,-0.8682189,-0.8620410561561584
1988-12-01,28.087008,23.556181,-4.5308266,-0.81159043,-0.7064431111017863
1989-01-01,27.921877,24.376043,-3.5458336,-0.5118356,-0.4998785356680552
1989-02-01,27.841743,25.651852,-2.1898918,-0.08804083,-0.3508799572785695
1989-03-01,28.075632,26.07027,-2.0053616,-0.38408744,-0.31915976603825885
1989-04-01,28.471655,26.511927,-1.9597282,-0.35903668,-0.3374004065990448
1989-05-01,28.792652,26.118528,-2.6741238,-0.4404993,-0.29019080599149066
1989-06-01,28.658821,25.845661,-2.81316,-0.050857067,-0.21091816822687784
1989-07-01,28.730278,25.245321,-3.4849567,-0.10652375,-0.18934998909632367
1989-08-01,28.617525,24.492928,-4.1245975,-0.3274839,-0.22882189353307086
1989-09-01,28.846886,24.54544,-4.301445,-0.27058268,-0.2645230293273926
1989-10-01,28.9555,24.591812,-4.3636875,-0.2537508,-0.27729225158691406
1989-11-01,29.003544,24.673813,-4.329731,-0.24171782,-0.31220823526382446
1989-12-01,29.026213,24.858858,-4.1673546,-0.44811845,-0.3409289916356405
1990-01-01,28.875408,25.437973,-3.4374352,-0.40343714,-0.3238407472769419
1990-02-01,28.778187,26.566877,-2.2113094,-0.10945845,-0.27236077189445496
1990-03-01,28.965975,26.986809,-1.979166,-0.35789192,-0.20610485474268594
1990-04-01,29.14898,27.449898,-1.6990814,-0.098389864,-0.1454291045665741
1990-05-01,29.385517,27.137184,-2.248333,-0.014708519,-0.11821678280830382
1990-06-01,29.21961,26.332977,-2.886633,-0.124330044,-0.16097790002822876
1990-07-01,29.137478,25.42533,-3.7121487,-0.33371568,-0.22032787402470908
1990-08-01,29.044231,24.956366,-4.087866,-0.29075217,-0.2359350323677063
1990-09-01,29.012798,24.93282,-4.079979,-0.04911661,-0.24042431513468424
1990-10-01,29.314442,24.80912,-4.5053215,-0.3953848,-0.2693600654602051
1990-11-01,29.293373,24.908861,-4.384512,-0.29649878,-0.29666302601496375
1990-12-01,29.235287,25.192867,-4.0424194,-0.3231833,-0.27946897347768146
1991-01-01,29.088755,25.885616,-3.2031384,-0.16914034,-0.2407833437124888
1991-02-01,28.889612,26.519169,-2.3704433,-0.26859236,-0.23219661911328632
1991-03-01,28.90769,27.145403,-1.7622871,-0.14101303,-0.23552713791529337
1991-04-01,29.260227,27.201189,-2.0590382,-0.4583466,-0.15870250264803568
1991-05-01,29.4168,27.270859,-2.1459408,0.08768368,0.033944656451543195
1991-06-01,29.3451,26.940334,-2.404766,0.3575368,0.23277944326400757
1991-07-01,29.132936,26.254547,-2.8783894,0.50004363,0.2869979341824849
1991-08-01,29.001003,25.26226,-3.7387428,0.05837083,0.23899811506271357
1991-09-01,28.916586,24.994118,-3.9224682,0.108394146,0.2708045641581217
1991-10-01,29.231318,25.573025,-3.6582928,0.45164394,0.46445528666178393
1991-11-01,29.328878,26.026855,-3.302023,0.78599024,0.7409851749738058
1991-12-01,29.168049,26.474176,-2.6938725,1.0253637,0.9557125171025593
1992-01-01,28.802649,26.977095,-1.8255539,1.2084441,1.038988302151362
1992-02-01,28.775288,27.605585,-1.1697025,0.93214846,1.0370339055856068
1992-03-01,28.935562,28.289845,-0.6457176,0.9755565,1.0417481064796448
1992-04-01,29.206947,28.744703,-0.46224403,1.1384475,1.0255890190601349
1992-05-01,29.42971,28.374605,-1.0551052,1.1785192,0.8422408600648243
1992-06-01,29.228756,26.825356,-2.4034004,0.35890245,0.4594080646832783
1992-07-01,29.024305,25.57108,-3.453226,-0.0747931,0.033177514870961475
1992-08-01,28.847792,24.678339,-4.1694527,-0.372339,-0.2535034616788229
1992-09-01,29.010939,24.53917,-4.4717693,-0.440907,-0.35581556955973304
1992-10-01,29.099142,24.624718,-4.4744244,-0.36448765,-0.3442192077636719
1992-11-01,29.072836,24.763937,-4.308899,-0.22088575,-0.2934364279111226
1992-12-01,29.024672,24.990473,-4.0341988,-0.31496263,-0.21861533323923746
1993-01-01,28.866383,25.673948,-3.1924343,-0.1584363,-0.0903029143810272
1993-02-01,28.642082,26.679152,-1.9629307,0.1389203,0.12418877085049948
1993-03-01,28.791588,27.469437,-1.3221512,0.29912293,0.41136588652928674
1993-04-01,29.05126,28.278055,-0.7732048,0.82748675,0.6644980410734813
1993-05-01,29.218313,27.983803,-1.2345104,0.99911404,0.7331518034140269
1993-06-01,29.113377,26.981472,-2.1319046,0.6303983,0.5651807188987732
1993-07-01,28.955797,25.705952,-3.2498455,0.12858748,0.301328162352244
1993-08-01,28.763426,25.016296,-3.7471294,0.049984217,0.1399353543917338
1993-09-01,28.920975,24.951439,-3.9695358,0.061326504,0.1007806460062663
1993-10-01,28.994482,25.163692,-3.8307896,0.27914715,0.06023693084716796
1993-11-01,29.3491,25.109167,-4.239933,-0.15191984,-0.029808262983957945
1993-12-01,29.103079,25.211893,-3.8911858,-0.17194963,-0.13757002353668213
1994-01-01,28.805794,25.638857,-3.1669369,-0.13293886,-0.24977204203605652
1994-02-01,28.626213,26.13675,-2.4894638,-0.38761282,-0.3884852429231008
1994-03-01,28.893536,26.63736,-2.256176,-0.6349019,-0.515808363755544
1994-04-01,29.099823,26.863232,-2.2365913,-0.6358998,-0.5368105272452036
1994-05-01,29.322552,26.642311,-2.6802406,-0.44661617,-0.48030323783556617
1994-06-01,29.281464,26.2532,-3.028263,-0.26596022,-0.4588194489479065
1994-07-01,29.192347,25.177221,-4.0151253,-0.6366923,-0.46501876910527545
1994-08-01,29.126402,24.77312,-4.353281,-0.55616736,-0.371209442615509
1994-09-01,29.05493,24.90361,-4.1513195,-0.12045717,-0.12391837437947587
1994-10-01,29.389355,25.586983,-3.802372,0.30756474,0.16508849461873376
1994-11-01,29.573442,25.862738,-3.7107048,0.37730837,0.3672931392987569
1994-12-01,29.320534,26.137714,-3.1828194,0.53641677,0.4253936211268107
1995-01-01,29.093077,26.545876,-2.5472012,0.48679686,0.3039924601713816
1995-02-01,29.025667,26.982992,-2.042675,0.05917597,0.018578082323074313
1995-03-01,29.206358,27.12172,-2.0846386,-0.46336448,-0.32706127564112353
1995-04-01,29.292566,27.071394,-2.2211723,-0.6204808,-0.5830750167369843
1995-05-01,29.524311,26.416527,-3.1077843,-0.8741598,-0.6550629436969757
1995-06-01,29.411997,26.088114,-3.323883,-0.5615802,-0.6077029506365458
1995-07-01,29.177235,25.444233,-3.7330017,-0.35456872,-0.5739635030428568
1995-08-01,29.00604,24.469479,-4.536562,-0.7394483,-0.6095410784085591
1995-09-01,28.996542,24.273638,-4.722904,-0.6920419,-0.6658066113789876
1995-10-01,29.062904,24.29768,-4.7652245,-0.65528774,-0.6901721954345703
1995-11-01,29.143187,24.372438,-4.770748,-0.68273497,-0.6943957606951395
1995-12-01,29.017128,24.500755,-4.5163727,-0.79713655,-0.6721713940302529
1996-01-01,28.694345,25.107853,-3.5864925,-0.5524945,-0.5967883765697479
1996-02-01,28.570784,25.952398,-2.6183853,-0.5165343,-0.5146217048168182
1996-03-01,28.77245,26.82344,-1.949009,-0.32773483,-0.5008750955263773
1996-04-01,29.024042,26.751852,-2.27219,-0.67149854,-0.5362305343151093
1996-05-01,29.20196,26.385366,-2.8165932,-0.5829687,-0.5461507936318715
1996-06-01,29.198261,25.935831,-3.2624302,-0.5001273,-0.48877610762914014
1996-07-01,28.981241,25.223486,-3.7577553,-0.3793223,-0.40928858518600464
1996-08-01,28.787449,24.683903,-4.103546,-0.3064325,-0.3767469525337219
1996-09-01,28.950531,24.528143,-4.422388,-0.39152575,-0.4092877705891927
1996-10-01,29.120434,24.527935,-4.592499,-0.48256207,-0.5122834841410319
1996-11-01,29.234104,24.547047,-4.6870575,-0.5990443,-0.6511682470639547
1996-12-01,29.106853,24.448606,-4.658247,-0.93901086,-0.7321640253067017
1997-01-01,28.871382,25.075787,-3.7955952,-0.76159716,-0.6498648027578989
1997-02-01,28.704388,26.137098,-2.5672894,-0.46543837,-0.4009572366873423
1997-03-01,28.806349,27.245478,-1.5608711,0.06040299,-0.06652349233627318
1997-04-01,29.22445,27.716618,-1.5078316,0.09285998,0.34708010156949365
1997-05-01,29.482588,28.088402,-1.394186,0.83943844,0.8683860003948213
1997-06-01,29.274916,28.072048,-1.2028675,1.5594354,1.4632354776064553
1997-07-01,29.173971,27.841127,-1.3328438,2.0455892,2.0060775876045227
1997-08-01,28.946007,27.722034,-1.2239723,2.5731413,2.398542582988739
1997-09-01,29.079601,27.702145,-1.3774567,2.6534057,2.64306640625
1997-10-01,29.275034,27.998623,-1.276411,2.8335257,2.7683000564575195
1997-11-01,29.443136,28.192707,-1.2504292,2.837584,2.812680661678314
1997-12-01,29.294285,28.414436,-0.8798485,2.8393877,2.76127294699351
1998-01-01,28.980608,28.676296,-0.30431175,2.7296863,2.579605291287104
1998-02-01,28.785177,28.925714,0.14053726,2.2423882,2.2877334256966906
1998-03-01,28.842806,29.175138,0.3323326,1.9536067,1.9528607328732805
1998-04-01,28.998222,28.991512,-0.0067100525,1.5939815,1.5818720161914825
1998-05-01,29.215963,28.363445,-0.8525181,1.3811064,1.1081821620464323
1998-06-01,29.028097,26.625805,-2.4022923,0.36001062,0.5760503808657327
1998-07-01,28.927773,25.507517,-3.4202557,-0.041822672,0.13356016079584754
1998-08-01,28.734743,24.798359,-3.9363842,-0.13927054,-0.1221174995104472
1998-09-01,28.789394,24.485218,-4.3041763,-0.273314,-0.23132610321044922
1998-10-01,28.730011,24.297146,-4.432865,-0.32292843,-0.28230953216552734
1998-11-01,28.703976,24.361725,-4.342251,-0.25423765,-0.30246978998184204
1998-12-01,28.381706,24.288395,-4.0933113,-0.37407517,-0.2812849283218384
1999-01-01,28.061405,24.779045,-3.28236,-0.24836206,-0.19613469640413916
1999-02-01,27.872343,25.722101,-2.1502419,-0.048390865,-0.08610499898592629
1999-03-01,28.229506,26.7697,-1.4598064,0.16146767,-0.04072644313176474
1999-04-01,28.514881,26.709251,-1.8056297,-0.20493817,-0.08631274104118347
1999-05-01,28.725191,26.365328,-2.3598633,-0.12623882,-0.16792753338813782
1999-06-01,28.67336,25.637762,-3.0355988,-0.27329588,-0.2183704972267151
1999-07-01,28.51036,24.894987,-3.6153736,-0.23694062,-0.26428860425949097
1999-08-01,28.28981,24.25991,-4.0298996,-0.23278594,-0.3593541582425436
1999-09-01,28.571962,23.961884,-4.610079,-0.5792165,-0.5043061574300131
1999-10-01,28.64141,23.872135,-4.7692757,-0.65933895,-0.6594753265380859
1999-11-01,28.580143,23.670637,-4.909506,-0.8214927,-0.7846805850664774
1999-12-01,28.382996,23.822325,-4.560671,-0.8414347,-0.841654896736145
2000-01-01,28.14416,24.061502,-4.082657,-1.0486588,-0.7576834062735239
2000-02-01,27.924282,25.358105,-2.5661774,-0.46432638,-0.49880740046501154
2000-03-01,28.050192,26.270128,-1.7800636,-0.15878952,-0.16836144526799512
2000-04-01,28.36562,27.100325,-1.265295,0.33539653,0.02005246281623842
2000-05-01,28.640816,26.45746,-2.1833553,0.050269127,-0.008539468050003074
2000-06-01,28.688416,25.615044,-3.073372,-0.311069,-0.13327397902806604
2000-07-01,28.570864,24.974688,-3.5961761,-0.21774316,-0.21072850624720257
2000-08-01,28.576248,24.591148,-3.9850998,-0.18798614,-0.22064143419265747
2000-09-01,28.801214,24.559479,-4.2417355,-0.21087313,-0.2547237078348795
2000-10-01,28.882061,24.47329,-4.4087715,-0.2988348,-0.3328580856323242
2000-11-01,28.93699,24.313992,-4.622999,-0.534986,-0.4066847761472066
2000-12-01,28.588114,24.495483,-4.0926304,-0.37339425,-0.41982344786326087
2001-01-01,28.513681,24.96697,-3.546711,-0.51271296,-0.3226949075857798
2001-02-01,28.217451,26.013227,-2.2042236,-0.10237265,-0.15012928843498224
2001-03-01,28.486513,27.006039,-1.4804745,0.14079964,-0.015745580196380594
2001-04-01,28.859339,27.35572,-1.5036182,0.09707332,-0.021895855665206927
2001-05-01,29.05416,26.597,-2.457159,-0.22353458,-0.13735178112983704
2001-06-01,29.084263,26.021494,-3.062769,-0.30046606,-0.25744285186131793
2001-07-01,29.006983,25.343845,-3.6631374,-0.28470445,-0.3767511248588562
2001-08-01,28.945347,24.688427,-4.25692,-0.4598062,-0.5296149055163066
2001-09-01,29.14878,24.240074,-4.9087067,-0.87784433,-0.681128978729248
2001-10-01,29.249783,24.411804,-4.8379784,-0.72804165,-0.767123540242513
2001-11-01,29.372833,24.470898,-4.9019356,-0.8139224,-0.7801040609677632
2001-12-01,29.050627,24.573181,-4.4774456,-0.75820947,-0.745484471321106
2002-01-01,29.000977,25.198017,-3.8029594,-0.7689614,-0.619894156853358
2002-02-01,28.791586,26.253452,-2.5381336,-0.43628263,-0.41287641723950697
2002-03-01,28.933474,27.346714,-1.5867596,0.034514546,-0.23571230967839557
2002-04-01,29.31986,27.471333,-1.8485279,-0.24783635,-0.1473846137523651
2002-05-01,29.475292,27.09638,-2.378912,-0.14528751,-0.11955113212267557
2002-06-01,29.44503,26.674059,-2.7709713,-0.008668423,-0.08789863189061482
2002-07-01,29.229708,25.732811,-3.4968967,-0.118463755,-0.030308743317921952
2002-08-01,29.05962,25.281487,-3.7781334,0.018980265,0.07996227343877158
2002-09-01,29.157658,25.351297,-3.8063602,0.22450209,0.27226750055948895
2002-10-01,29.386276,25.85052,-3.535757,0.57417965,0.4904386202494303
2002-11-01,29.60667,26.226843,-3.3798275,0.7081857,0.61556476354599
2002-12-01,29.35242,26.404686,-2.9477348,0.7715013,0.549074371655782
2003-01-01,29.110737,26.369228,-2.7415085,0.29248953,0.3088541328907013
2003-02-01,28.889118,26.71395,-2.175169,-0.073318005,-0.019739598035812406
2003-03-01,29.069017,27.1813,-1.8877182,-0.2664441,-0.37054882446924853
2003-04-01,29.321991,26.928059,-2.3939323,-0.7932408,-0.664848933617274
2003-05-01,29.370598,26.06335,-3.3072472,-1.0736227,-0.7823115487893422
2003-06-01,29.292536,25.818527,-3.4740086,-0.7117057,-0.6589724818865457
2003-07-01,29.19013,25.499733,-3.6903973,-0.31196427,-0.419276734193166
2003-08-01,28.965052,25.057093,-3.907959,-0.11084533,-0.2396901249885559
2003-09-01,29.138472,24.865421,-4.2730503,-0.24218798,-0.1568333307902018
2003-10-01,29.460056,25.291382,-4.1686745,-0.058737755,-0.09720150629679362
2003-11-01,29.563198,25.38265,-4.1805477,-0.09253454,-0.016480664412180566
2003-12-01,29.23304,25.69735,-3.5356903,0.18354583,0.021713455518086754
2004-01-01,29.050629,26.056765,-2.993864,0.040133953,-0.03786306579907736
2004-02-01,28.90995,26.550417,-2.3595333,-0.25768232,-0.16121448079744977
2004-03-01,28.920712,26.999489,-1.9212227,-0.29994857,-0.2874934871991475
2004-04-01,29.19379,27.285152,-1.908638,-0.30794644,-0.37673120697339374
2004-05-01,29.411568,26.584568,-2.8269997,-0.5933752,-0.4134320716063181
2004-06-01,29.223318,26.10968,-3.113638,-0.35133505,-0.3687166174252828
2004-07-01,29.16141,25.473085,-3.688324,-0.309891,-0.24459983905156452
2004-08-01,28.989021,25.190393,-3.7986279,-0.0015141964,-0.11049284537633258
2004-09-01,29.253868,25.179295,-4.0745735,-0.043711185,-0.008832295735677075
2004-10-01,29.412777,25.395124,-4.0176525,0.0922842,0.05163002014160157
2004-11-01,29.501501,25.519926,-3.981575,0.10643816,0.05180162191390991
2004-12-01,29.414196,25.758717,-3.6554794,0.063756704,-0.045741836229960135
2005-01-01,29.244112,25.98157,-3.2625427,-0.22854471,-0.23314552505811056
2005-02-01,28.919325,26.28758,-2.6317444,-0.5298934,-0.38398119807243347
2005-03-01,29.044716,26.831846,-2.2128696,-0.59159553,-0.3650950789451599
2005-04-01,29.161922,27.469694,-1.6922283,-0.09153676,-0.20430911580721534
2005-05-01,29.32415,27.168602,-2.155548,0.07807636,-0.055856655041376733
2005-06-01,29.237476,26.460062,-2.7774143,-0.015111446,-0.015579442183176681
2005-07-01,29.10192,25.652441,-3.4494781,-0.07104516,-0.06498736143112183
2005-08-01,28.897905,25.044727,-3.853178,-0.056064367,-0.1787441372871399
2005-09-01,29.0037,24.612621,-4.391079,-0.36021662,-0.3637887636820475
2005-10-01,29.221146,24.499434,-4.721712,-0.6117754,-0.5902687708536785
2005-11-01,29.049213,24.111166,-4.9380474,-0.85003424,-0.7545432051022847
2005-12-01,28.726112,24.05757,-4.668543,-0.9493067,-0.7383260329564412
2006-01-01,28.505547,24.86063,-3.6449165,-0.6109185,-0.5589235325654347
2006-02-01,28.286875,26.116972,-2.1699028,-0.068051815,-0.36695683995882666
2006-03-01,28.536818,26.554245,-1.9825726,-0.36129844,-0.27466386556625366
2006-04-01,28.898716,27.032707,-1.8660088,-0.2653172,-0.2597346007823944
2006-05-01,29.258293,26.784922,-2.4733715,-0.23974705,-0.23236698905626932
2006-06-01,29.242891,26.29623,-2.946661,-0.18435812,-0.15707037846247354
2006-07-01,29.066195,25.56867,-3.4975243,-0.11909127,-0.023382206757863344
2006-08-01,28.974747,25.372053,-3.6026936,0.1944201,0.17409978310267132
2006-09-01,29.198452,25.57293,-3.6255226,0.40533972,0.3827899297078451
2006-10-01,29.281422,25.808615,-3.472807,0.6371298,0.5279229482014973
2006-11-01,29.442226,25.950775,-3.4914513,0.5965619,0.5695744554201763
2006-12-01,29.375196,26.242392,-3.1328049,0.58643126,0.4762486219406128
2007-01-01,28.9981,26.336725,-2.661375,0.37262297,0.23864780863126114
2007-02-01,28.75355,26.476273,-2.277277,-0.175426,-0.07778721054395044
2007-03-01,28.824165,26.746595,-2.07757,-0.45629585,-0.37414274613062537
2007-04-01,29.039286,26.871439,-2.1678467,-0.5671551,-0.5789567331473033
2007-05-01,29.197548,26.154514,-3.0430336,-0.80940914,-0.6784317791461945
2007-06-01,29.242561,25.77394,-3.4686222,-0.70631933,-0.717818001906077
2007-07-01,28.937138,24.931879,-4.0052586,-0.6268256,-0.7671181559562683
2007-08-01,28.772478,24.062685,-4.709793,-0.91267943,-0.8760418693224589
2007-09-01,28.730482,23.66791,-5.0625725,-1.0317101,-1.0115127563476562
2007-10-01,28.794195,23.5044,-5.289795,-1.1798582,-1.095041275024414
2007-11-01,28.559126,23.364239,-5.194887,-1.106874,-1.0863326986630757
2007-12-01,28.408983,23.597116,-4.8118668,-1.0926306,-0.9619361162185669
2008-01-01,28.003094,24.209776,-3.7933178,-0.7593198,-0.7209148108959198
2008-02-01,27.809965,25.313843,-2.4961224,-0.39427137,-0.4103159606456756
2008-03-01,28.126125,26.458733,-1.6673927,-0.046118617,-0.11599439382553098
2008-04-01,28.43925,27.0008,-1.4384518,0.16223979,0.10355888803799948
2008-05-01,28.674692,26.689024,-1.9856682,0.24795628,0.26420630017916363
2008-06-01,28.660114,26.280317,-2.379797,0.3825059,0.4041690230369568
2008-07-01,28.657509,25.869608,-2.787901,0.59053206,0.4906863967577616
2008-08-01,28.653187,25.498373,-3.1548138,0.6422999,0.4543414314587911
2008-09-01,28.752571,24.925444,-3.8271275,0.20373487,0.31123113632202143
2008-10-01,28.914085,24.92174,-3.9923458,0.117590904,0.12096055348714191
2008-11-01,28.912853,24.87447,-4.0383835,0.04962969,-0.07573451598485313
2008-12-01,28.746502,24.606035,-4.1404667,-0.42123055,-0.2484766244888306
2009-01-01,28.553406,25.119259,-3.434147,-0.40014887,-0.3866214454174042
2009-02-01,28.420704,25.956022,-2.4646816,-0.36283064,-0.4534872074921926
2009-03-01,28.670778,26.313196,-2.357582,-0.736308,-0.404416024684906
2009-04-01,29.034546,27.273932,-1.7606144,-0.15992284,-0.22436107198397315
2009-05-01,29.40865,27.235674,-2.1729755,0.06064892,0.045139044523239163
2009-06-01,29.406408,26.981272,-2.4251366,0.3371663,0.2640958825747172
2009-07-01,29.263367,26.388584,-2.8747826,0.5036504,0.3616254925727844
2009-08-01,29.215885,25.706282,-3.5096035,0.28751016,0.3669258952140808
2009-09-01,29.22278,25.582144,-3.6406364,0.3902259,0.3416441281636555
2009-10-01,29.553583,25.677921,-3.8756618,0.23427486,0.374726931254069
2009-11-01,29.735363,26.11717,-3.6181927,0.4698205,0.45894283056259155
2009-12-01,29.592388,26.565126,-3.0272617,0.6919744,0.5145376920700073
2010-01-01,29.32053,26.74559,-2.5749397,0.45905828,0.4735939006010691
2010-02-01,28.95491,27.238703,-1.7162075,0.38564348,0.34297214945157367
2010-03-01,29.220417,27.743362,-1.4770546,0.14421952,0.19070456425348917
2010-04-01,29.469599,27.940191,-1.5294075,0.071284056,0.023197362820307398
2010-05-01,29.40709,27.0552,-2.3518887,-0.1182642,-0.19165367881457013
2010-06-01,29.15045,25.91787,-3.2325802,-0.4702773,-0.4323729475339254
2010-07-01,28.873236,24.720776,-4.15246,-0.7740271,-0.6268744667371113
2010-08-01,28.394888,23.895998,-4.49889,-0.70177627,-0.7510194579760233
2010-09-01,28.406712,23.583889,-4.8228226,-0.79196024,-0.8336985905965169
2010-10-01,28.468004,23.321178,-5.146826,-1.0368891,-0.8828654289245605
2010-11-01,28.472069,23.537537,-4.934532,-0.846519,-0.8732152581214905
2010-12-01,28.318314,23.769463,-4.548851,-0.8296149,-0.7791506052017212
2011-01-01,28.148151,24.413118,-3.735033,-0.701035,-0.6348919570446014
2011-02-01,28.168528,25.71488,-2.4536476,-0.35179663,-0.4734000861644745
2011-03-01,28.422338,26.377254,-2.045084,-0.4238099,-0.30035203695297236
2011-04-01,28.70687,27.036713,-1.6701565,-0.06946492,-0.11425063014030455
2011-05-01,28.927246,26.749456,-2.1777897,0.05583477,0.08769612510999045
2011-06-01,28.845547,26.445818,-2.3997288,0.3625741,0.21359914541244507
2011-07-01,28.626362,25.621426,-3.0049362,0.37349677,0.16585332155227658
2011-08-01,28.52357,24.62082,-3.90275,-0.10563636,-0.039657731850942
2011-09-01,28.561256,24.199999,-4.3612576,-0.33039522,-0.30259736378987634
2011-10-01,28.700964,24.045801,-4.655163,-0.5452261,-0.4866825739542643
2011-11-01,28.86014,24.04163,-4.81851,-0.7304969,-0.5194756786028544
2011-12-01,28.524755,24.434546,-4.09021,-0.37097383,-0.3920596043268839
2012-01-01,28.264114,24.99739,-3.2667236,-0.23272562,-0.17048101623853043
2012-02-01,28.219303,26.331526,-1.8877773,0.21407366,0.018395930528640754
2012-03-01,28.45248,26.917534,-1.5349464,0.08632767,0.11782207091649374
2012-04-01,28.80416,27.378092,-1.4260674,0.1746242,0.18006248275438944
2012-05-01,29.07958,26.981142,-2.0984383,0.1351862,0.31241024533907574
2012-06-01,29.022964,26.8443,-2.1786652,0.5836377,0.4971031546592713
2012-07-01,28.868534,26.337166,-2.5313683,0.84706473,0.5797427296638489
2012-08-01,28.94371,25.655907,-3.2878036,0.50931,0.4497846166292826
2012-09-01,29.119646,25.243408,-3.8762379,0.15462446,0.17484776178995762
2012-10-01,29.300333,24.961866,-4.3384666,-0.22852993,-0.08918269475301108
2012-11-01,29.428986,25.131243,-4.297743,-0.20972967,-0.2928950587908427
2012-12-01,29.14533,24.926027,-4.219303,-0.500067,-0.4373186031977335
2013-01-01,28.807606,25.128952,-3.6786537,-0.6446557,-0.4749920864899953
2013-02-01,28.590166,26.032446,-2.5577202,-0.4558692,-0.393194963534673
2013-03-01,28.747532,27.082514,-1.6650181,-0.043743968,-0.3330195148785909
2013-04-01,29.050924,27.120636,-1.9302883,-0.32959676,-0.4347023665904999
2013-05-01,29.271503,26.217674,-3.0538292,-0.82020473,-0.6337770919005077
2013-06-01,29.175846,25.563217,-3.612629,-0.85032606,-0.7569250067075094
2013-07-01,29.052124,24.932697,-4.1194267,-0.74099374,-0.7304698824882507
2013-08-01,28.98281,24.517092,-4.4657173,-0.66860366,-0.6017312804857889
2013-09-01,29.082651,24.62712,-4.455532,-0.42466974,-0.4496790568033854
2013-10-01,29.171057,24.862076,-4.308981,-0.19904423,-0.33532365163167316
2013-11-01,29.353584,24.912039,-4.4415455,-0.3535323,-0.27709394693374634
2013-12-01,29.112837,25.169104,-3.9437332,-0.22449708,-0.2963777780532837
2014-01-01,28.74348,25.493778,-3.2497025,-0.21570444,-0.37670847773551946
2014-02-01,28.707294,25.853653,-2.8536415,-0.7517905,-0.42452284693717957
2014-03-01,28.944504,26.94794,-1.996563,-0.37528884,-0.32995186249415076
2014-04-01,29.22099,27.530663,-1.6903267,-0.089635134,-0.06846409042676287
2014-05-01,29.4717,27.51979,-1.95191,0.28171444,0.21295266350110376
2014-06-01,29.434036,27.241219,-2.1928177,0.5694852,0.34992132584253943
2014-07-01,29.14134,26.12722,-3.01412,0.3643129,0.3075705965360005
2014-08-01,29.106869,25.382423,-3.7244453,0.072668314,0.18370725711186725
2014-09-01,29.23453,25.229088,-4.0054417,0.025420666,0.13036282857259113
2014-10-01,29.44944,25.514631,-3.9348087,0.17512798,0.17626269658406576
2014-11-01,29.635145,25.902102,-3.7330437,0.3549695,0.20253398021062216
2014-12-01,29.454727,25.936293,-3.5184345,0.20080161,0.09977153937021889
2015-01-01,29.23372,26.057043,-3.1766777,-0.14267969,-0.10593252380688989
2015-02-01,29.093592,26.573795,-2.5197964,-0.41794538,-0.24980271855990094
2015-03-01,29.22212,27.196836,-2.0252838,-0.4040097,-0.1777810454368591
2015-04-01,29.574907,28.087631,-1.4872761,0.11341548,0.12363055348396303
2015-05-01,29.703314,28.008625,-1.6946888,0.53893566,0.5521317025025686
2015-06-01,29.644238,27.925007,-1.7192307,1.0430722,0.9766094883282979
2015-07-01,29.390554,27.416506,-1.9740486,1.4043844,1.324494183063507
2015-08-01,29.198286,27.004822,-2.1934643,1.6036494,1.5789165695508318
2015-09-01,29.39226,27.15869,-2.23357,1.7972922,1.7344589233398438
2015-10-01,29.558056,27.332418,-2.2256374,1.8842993,1.8037999471028643
2015-11-01,29.917414,27.585508,-2.3319054,1.7561078,1.8280221025149026
2015-12-01,29.696165,27.821482,-1.8746834,1.8445528,1.7887783447901406
2016-01-01,29.356125,28.250113,-1.1060123,1.9279857,1.6037852267424264
2016-02-01,29.190878,28.239576,-0.9513016,1.1505494,1.232509007056554
2016-03-01,29.385008,28.5558,-0.8292084,0.79206574,0.735501190026601
2016-04-01,29.508663,28.091175,-1.4174881,0.18320346,0.25583747029304493
2016-05-01,29.696745,27.191628,-2.5051174,-0.27149296,-0.12495703498522442
2016-06-01,29.59705,26.459715,-3.1373348,-0.37503195,-0.39868185917536414
2016-07-01,29.30977,25.301245,-4.008526,-0.63009286,-0.5525314211845398
2016-08-01,29.12478,24.565166,-4.559614,-0.7625005,-0.5991520682970682
2016-09-01,29.17691,24.720133,-4.4567776,-0.42591524,-0.5819908777872721
2016-10-01,29.16797,24.461267,-4.706703,-0.5967665,-0.558076540629069
2016-11-01,29.215612,24.555264,-4.660349,-0.5723357,-0.5343976616859436
2016-12-01,29.049355,24.77752,-4.2718353,-0.5525992,-0.42190468311309814
2017-01-01,28.924227,25.640812,-3.2834148,-0.24941683,-0.20022405187288916
2017-02-01,28.740442,26.848156,-1.8922863,0.20956469,0.02250753839810691
2017-03-01,28.886206,27.46135,-1.4248562,0.19641793,0.1321022311846415
2017-04-01,29.20429,27.747026,-1.457264,0.14342761,0.09857641657193501
2017-05-01,29.487309,27.24368,-2.2436295,-0.010004997,-0.012158662080764781
2017-06-01,29.35657,26.43467,-2.9218998,-0.15959692,-0.1658807396888733
2017-07-01,29.216228,25.584002,-3.632227,-0.25379395,-0.38561632235844934
2017-08-01,29.11839,24.617064,-4.5013256,-0.70421195,-0.6432496507962545
2017-09-01,29.061832,24.020182,-5.041651,-1.0107884,-0.8699320157368977
2017-10-01,29.200632,24.141891,-5.0587406,-0.9488039,-1.0213104883829751
2017-11-01,29.216576,23.945374,-5.271202,-1.1831889,-1.1120725274085999
2017-12-01,29.00455,24.110949,-4.8936024,-1.1743662,-1.1372031768163045
2018-01-01,28.810232,24.544418,-4.265814,-1.2318158,-1.0760098795096078
2018-02-01,28.624372,25.767366,-2.857006,-0.7551551,-0.9662171701590219
2018-03-01,28.85632,26.221943,-2.6343765,-1.0131024,-0.8373766938845316
2018-04-01,29.192732,26.927176,-2.2655563,-0.6648648,-0.6779193580150604
2018-05-01,29.504423,26.766563,-2.7378597,-0.50423527,-0.46408854921658826
2018-06-01,29.365234,26.434526,-2.930708,-0.16840506,-0.29102458556493116
2018-07-01,29.201086,25.783443,-3.4176426,-0.039209604,-0.2483946681022644
2018-08-01,29.182518,24.861929,-4.320589,-0.5234754,-0.25269331534703576
2018-09-01,29.31403,25.039146,-4.2748833,-0.24402094,-0.16468000411987302
2018-10-01,29.643763,25.613504,-4.030258,0.079678535,0.04924201965332033
2018-11-01,29.676521,25.959032,-3.7174892,0.37052393,0.25544430812199914
2018-12-01,29.459991,26.156912,-3.3030796,0.41615653,0.34481147925058997
2019-01-01,28.989887,26.29564,-2.6942463,0.33975172,0.32307500640551245
2019-02-01,28.852295,27.01305,-1.8392448,0.26260614,0.25901813308397925
2019-03-01,29.088545,27.578352,-1.5101929,0.11108124,0.21285412708918253
2019-04-01,29.274956,27.963402,-1.311554,0.2891376,0.168308287858963
2019-05-01,29.579136,27.460453,-2.1186829,0.1149416,0.06395487984021503
2019-06-01,29.559093,26.719265,-2.8398285,-0.077525616,-0.11355310678482058
2019-07-01,29.402126,25.585468,-3.816658,-0.43822503,-0.29614577690760296
2019-08-01,29.168362,24.999426,-4.168936,-0.37182212,-0.43062351147333777
2019-09-01,29.228275,24.629665,-4.59861,-0.5677476,-0.4829738934834798
2019-10-01,29.662338,24.967651,-4.694687,-0.5847502,-0.4549589157104492
2019-11-01,29.741951,25.437183,-4.3047676,-0.21675444,-0.3884180982907613
2019-12-01,29.55971,25.445295,-4.114414,-0.39517808,-0.3362100521723429
2020-01-01,29.368767,26.048302,-3.320465,-0.28646708,-0.3559517562389374
2020-02-01,29.166069,26.704824,-2.4612446,-0.3593936,-0.4043717086315155
2020-03-01,29.309383,27.043026,-2.2663574,-0.6450833,-0.42664490143458045
2020-04-01,29.49695,27.671202,-1.8257484,-0.22505689,-0.4651164710521698
2020-05-01,29.483116,26.749905,-2.7332115,-0.49958706,-0.5656961898008983
2020-06-01,29.522423,25.872355,-3.6500683,-0.8877654,-0.698813815911611
2020-07-01,29.31683,25.13194,-4.184889,-0.80645585,-0.7782419721285502
2020-08-01,29.046288,24.557655,-4.488632,-0.69151855,-0.7964229385058085
2020-09-01,29.031963,24.12546,-4.9065037,-0.87564135,-0.8108666737874348
2020-10-01,28.957544,23.990664,-4.966881,-0.8569441,-0.807832400004069
2020-11-01,29.053135,24.18913,-4.864004,-0.77599096,-0.7390270829200745
2020-12-01,28.81175,24.472717,-4.339033,-0.619797,-0.6336272160212199
2021-01-01,28.437101,24.944607,-3.4924946,-0.45849657,-0.555822342634201
2021-02-01,28.367638,25.701855,-2.665783,-0.56393194,-0.5409645736217499
2021-03-01,28.635681,26.505703,-2.1299782,-0.50870407,-0.5787104964256287
2021-04-01,29.026987,26.711847,-2.3151398,-0.7144482,-0.5829368929068248
2021-05-01,29.26654,26.416843,-2.849697,-0.61607265,-0.4990127384662628
2021-06-01,29.240475,26.278984,-2.9614906,-0.19918776,-0.38245381911595655
2021-07-01,29.044437,25.391754,-3.6526833,-0.27425027,-0.33332095543543494
2021-08-01,28.948252,24.74386,-4.2043915,-0.40727782,-0.3897805015246073
2021-09-01,29.014887,24.516644,-4.4982433,-0.467381,-0.504984696706136
2021-10-01,29.089766,24.355656,-4.73411,-0.62417316,-0.646583875020345
2021-11-01,29.110598,24.200895,-4.9097023,-0.8216891,-0.8013336459795634
2021-12-01,28.852343,24.14528,-4.707062,-0.98782563,-0.9285571972529093
2022-01-01,28.865875,24.806007,-4.059868,-1.0258698,-0.9602938989798228
2022-02-01,28.689756,25.563372,-3.1263847,-1.0245337,-0.8790967961152394
2022-03-01,28.656124,26.47357,-2.1825542,-0.56128013,-0.7676774064699808
2022-04-01,28.806377,26.503935,-2.3024426,-0.701751,-0.7011726399262745
2022-05-01,29.008121,26.012213,-2.9959087,-0.7622843,-0.6513030827045441
2022-06-01,29.007555,25.633411,-3.3741436,-0.6118407,-0.547978937625885
2022-07-01,28.803581,25.160704,-3.6428776,-0.2644446,-0.4448407689730326
2022-08-01,28.598362,24.454802,-4.1435604,-0.34644675,-0.4598946372667948
2022-09-01,28.72992,24.055893,-4.6740265,-0.64316416,-0.5794256528218588
2022-10-01,28.8444,23.936182,-4.9082184,-0.79828167,-0.6915844281514485
2022-11-01,29.107895,24.33806,-4.7698345,-0.68182135,-0.7183083494504292
2022-12-01,28.922752,24.419033,-4.5037193,-0.7844832,-0.6527480681737263
2023-01-01,28.647509,25.112555,-3.534954,-0.50095606,-0.49380808075269056
2023-02-01,28.451138,26.000856,-2.4502811,-0.34843016,-0.22845646739006037
2023-03-01,28.860214,27.397629,-1.4625854,0.15868866,0.09120422601699832
2023-04-01,29.29927,28.162107,-1.1371632,0.4635284,0.4024318357308706
2023-05-01,29.502245,27.883978,-1.618267,0.6153574,0.6814014613628387
2023-06-01,29.521109,27.760166,-1.7609425,1.0013604,0.9309237202008565
2023-07-01,29.486853,27.270452,-2.2164001,1.1620328,1.1323345303535461
2023-08-01,29.4701,27.04293,-2.4271698,1.3699439,1.230485459168752
2023-09-01,29.605757,26.785507,-2.8202496,1.2106128,1.2462072372436523
2023-10-01,29.75605,26.812866,-2.943184,1.1667528,1.231092929840088
2023-11-01,29.905567,27.157467,-2.7481003,1.3399129,1.1655560533205667
2023-12-01,29.689522,27.054869,-2.634653,1.084583,1.0034181674321492
2024-01-01,29.723484,27.351887,-2.3715973,0.6624007,0.735330452521642
2024-02-01,29.421793,27.848934,-1.5728588,0.5289922,0.42253433664639783
2024-03-01,29.480734,27.853184,-1.6275501,-0.0062760115,0.11588881413141883
2024-04-01,29.674002,27.974796,-1.6992054,-0.09851384,-0.17541818817456567
2024-05-01,29.772343,27.000652,-2.7716904,-0.5380659,-0.4024679958820343
2024-06-01,29.599463,26.23023,-3.3692322,-0.6069293,-0.5456176400184631
2024-07-01,29.449318,25.516138,-3.9331799,-0.55474687,-0.6162017385164896
2024-08-01,29.28368,24.743824,-4.539856,-0.7427423,-0.6368988156318665
2024-09-01,29.348835,24.72962,-4.619215,-0.5883527,-0.623973528544108
2024-10-01,29.430647,24.685122,-4.7455254,-0.63558865,-0.5707516670227051
2024-11-01,29.500807,24.968262,-4.532545,-0.44453192,-0.5250459313392639
2024-12-01,29.039124,24.854618,-4.1845055,-0.46526933,-0.4906129439671834
2025-01-01,28.813606,25.148111,-3.665495,-0.6314969,-0.3834948241710663
2025-02-01,28.672216,26.407763,-2.264454,-0.1626029,-0.1926501293977101
2025-03-01,28.9143,27.545225,-1.3690758,0.25219834,-0.04831896225611368
2025-04-01,29.077957,27.41904,-1.6589165,-0.058224916,-0.05551875631014508
2025-05-01,29.373976,26.84571,-2.528265,-0.29464054,-0.13946258028348288
2025-06-01,29.34934,26.443642,-2.9056988,-0.1433959,-0.18794351816177368
2025-07-01,29.158735,25.637978,-3.5207577,-0.14232469,-0.22119587659835815
2025-08-01,29.096254,24.986523,-4.1097317,-0.31261802,-0.29247790575027466
2025-09-01,29.107355,24.654123,-4.453232,-0.42236948,-0.38616371154785156
2025-10-01,29.117413,24.585691,-4.531721,-0.4217844,-0.4809358914693196
2025-11-01,29.130325,24.443357,-4.686968,-0.5989547,-0.5856767296791077
2025-12-01,29.068424,24.641685,-4.4267387,-0.7075026,-0.6678193012873331
2026-01-01,29.00926,25.15319,-3.8560696,-0.82207155,-0.662141611178716
2026-02-01,28.960543,26.359734,-2.600809,-0.4989581,-0.5570927957693735
2026-03-01,29.228815,27.168465,-2.0603504,-0.4390763,-0.367488165696462
2026-04-01,29.60484,27.805813,-1.7990265,-0.19833493,-0.08093004425366716
2026-05-01,29.836023,27.862797,-1.9732265,0.2603979,0.3514164785544078
2026-06-01,29.826202,27.921072,-1.9051304,0.8571725,
2026-07-01,29.638393,27.89793,-1.7404633,1.6379697,
