time,west_sst,east_sst,raw_contrast,month,year,west_clim_sst,east_clim_sst,clim_raw_contrast,baseline_n,west_ssta,east_ssta,zsci_monthly,zsci_from_components,zsci_smoothed_5m
1981-09-01,28.779392008438393,24.55657981794,-4.2228121904983915,9,1981,28.809879111961003,24.910017659108487,-3.8998614528525137,30,-0.03048710352260997,-0.35343784116848553,-0.3229507376458778,-0.32295073764587556,
1981-10-01,28.871879604687823,24.767293467660654,-4.1045861370271695,10,1981,28.92041281342971,24.935688103711282,-3.984724709718428,30,-0.048533208741886824,-0.16839463605062832,-0.1198614273087415,-0.1198614273087415,
1981-11-01,29.041898474261618,24.54074460574675,-4.501153868514869,11,1981,28.9739795748146,25.013209584956392,-3.960769989858201,30,0.06791889944701879,-0.4724649792096436,-0.5403838786566681,-0.5403838786566624,-0.24588437028825572
1981-12-01,28.73043472326986,25.0233445112887,-3.7070902119811606,12,1981,28.778553990862857,25.16765573708327,-3.61089825377959,30,-0.04811926759299823,-0.14431122579457067,-0.09619195820157067,-0.09619195820157245,-0.15148093323681802
1982-01-01,28.48684228796541,25.785265789241876,-2.701576498723533,1,1982,28.528958647172125,25.645348183104172,-2.883610464067951,29,-0.04211635920671597,0.1399176061377041,0.1820339653444183,0.18203396534442007,-0.09263624351669189
1982-02-01,28.479391490388473,26.206405318767995,-2.2729861716204773,2,1982,28.397628123556167,26.362734150725736,-2.0348939728304347,29,0.08176336683230545,-0.15632883195774028,-0.23809219879004262,-0.23809219879004573,-0.13692743044647745
1982-03-01,28.599848764320566,26.77395504528883,-1.8258937190317361,3,1982,28.505902064828412,26.97654277974315,-1.5293592850852682,29,0.09394669949215384,-0.202587734454319,-0.29653443394646795,-0.29653443394647283,-0.19445161654765744
1982-04-01,29.01118988032751,27.226848916715376,-1.7843409636121343,4,1982,28.76753315769216,27.234259200269864,-1.533273957422295,29,0.24365672263535032,-0.007410283554488473,-0.25106700618983924,-0.2510670061898388,-0.1287376131039111
1982-05-01,29.410158068515607,27.428561495053614,-1.9815965734619923,5,1982,29.001680842735148,26.88192228246395,-2.119758560271202,29,0.40847722578045875,0.546639212589664,0.13816198680920966,0.13816198680920522,0.04482851853765239
1982-06-01,29.38174586675596,26.89223771599149,-2.4895081507644683,6,1982,28.95491155394823,26.292777195469522,-2.6621343584787094,29,0.4268343128077312,0.5994605205219692,0.1726262077142411,0.17262620771423798,0.2906137608345798
1982-07-01,28.681453663768455,25.990861670950064,-2.6905919928183906,7,1982,28.791823880710215,25.584080783303573,-3.207743097406643,29,-0.11037021694176019,0.4067808876464909,0.5171511045882524,0.5171511045882511,0.6212120679944833
1982-08-01,28.523295004438314,25.926684265768934,-2.59661073866938,8,1982,28.7117226587842,25.033123888959377,-3.6785987698248257,29,-0.1884276543458867,0.8935603768095568,1.0819880311554457,1.0819880311554435,1.0424128480760413
1982-09-01,28.74858355147084,26.332657792780847,-2.415925758689994,9,1982,28.809879111961003,24.910017659108487,-3.8998614528525137,30,-0.06129556049016216,1.4226401336723598,1.4839356941625197,1.483935694162522,1.5186501216571249
1982-10-01,28.905609881895682,26.92600062050141,-1.9796092613942733,10,1982,28.92041281342971,24.935688103711282,-3.984724709718428,30,-0.014802931534028119,1.9903125167901266,2.0051154483241547,2.0051154483241547,1.983309040967319
1982-11-01,28.818766153461997,27.36759330381216,-1.4511728496498364,11,1982,28.9739795748146,25.013209584956392,-3.960769989858201,30,-0.1552134213526024,2.354383718855768,2.5095971402083648,2.5095971402083705,2.3539386503404556
1982-12-01,28.895378282613027,28.001140192876548,-0.8942380897364792,12,1982,28.778553990862857,25.16765573708327,-3.61089825377959,30,0.11682429175017006,2.833484455793279,2.7166601640431107,2.716660164043109,2.507019069213529
1983-01-01,28.626669885432015,28.302672133351752,-0.32399775208026327,1,1983,28.528958647172125,25.645348183104172,-2.883610464067951,29,0.09771123825989037,2.65732395024758,2.559612711987688,2.5596127119876897,2.3732679372488183
1983-02-01,28.39197707283707,28.361926269484226,-0.030050803352843047,2,1983,28.397628123556167,26.362734150725736,-2.0348939728304347,29,-0.005651050719098549,1.99919211875849,2.0048431694775917,2.0048431694775886,2.066724751867769
1983-03-01,28.498430979806038,28.53572895298537,0.03729797317933148,3,1983,28.505902064828412,26.97654277974315,-1.5293592850852682,29,-0.0074710850223738134,1.559186173242221,1.5666572582645997,1.5666572582645948,1.8081259591613392
1983-04-01,28.61472002433582,28.76730033661641,0.1525803122805911,4,1983,28.76753315769216,27.234259200269864,-1.533273957422295,29,-0.1528131333563394,1.5330411363465473,1.6858542697028862,1.6858542697028867,1.7159562390936447
1983-05-01,28.975516931536514,28.654935818613865,-0.3205811129226497,5,1983,29.001680842735148,26.88192228246395,-2.119758560271202,29,-0.02616391119863337,1.7730135361499144,1.7991774473485522,1.7991774473485478,1.704099952284066
1983-06-01,29.01109186668598,28.094668012202415,-0.9164238544835648,6,1983,28.95491155394823,26.292777195469522,-2.6621343584787094,29,0.05618031273775159,1.801890816732893,1.7457105039951446,1.7457105039951415,1.608922443914772
1983-07-01,28.50826116959323,26.691656130842482,-1.8166050387507475,7,1983,28.791823880710215,25.584080783303573,-3.207743097406643,29,-0.2835627111169856,1.1075753475389085,1.3911380586558955,1.3911380586558941,1.3603711900270383
1983-08-01,28.36329869241236,25.75212644586799,-2.6111722465443705,8,1983,28.7117226587842,25.033123888959377,-3.6785987698248257,29,-0.3484239663718398,0.7190025569086131,1.0674265232804552,1.067426523280453,0.9967506664056024
1983-09-01,28.50240626217075,25.123858325843766,-3.378547936326985,9,1983,28.809879111961003,24.910017659108487,-3.8998614528525137,30,-0.30747284979025125,0.21384066673527968,0.5213135165255287,0.5213135165255309,0.5806727710425319
1983-10-01,28.338342129643824,24.561854094131387,-3.776488035512436,10,1983,28.92041281342971,24.935688103711282,-3.984724709718428,30,-0.5820706837858864,-0.37383400957989465,0.2082366742059918,0.2082366742059918,0.19540511943635044
1983-11-01,28.421299924898065,24.125221470332896,-4.296078454565169,11,1983,28.9739795748146,25.013209584956392,-3.960769989858201,30,-0.5526796499165343,-0.8879881146234965,-0.33530846470696796,-0.3353084647069622,-0.08955600980753464
1983-12-01,28.141096094791685,24.416670898688196,-3.724425196103489,12,1983,28.778553990862857,25.16765573708327,-3.61089825377959,30,-0.6374578960711723,-0.7509848383950732,-0.11352694232389915,-0.11352694232390093,-0.2108007588638731
1984-01-01,28.24154732207304,24.819055886970737,-3.4224914351023017,1,1984,28.528958647172125,25.645348183104172,-2.883610464067951,29,-0.28741132509908596,-0.8262922961334347,-0.5388809710343505,-0.5388809710343487,-0.12964652801972473
1984-02-01,28.013158392593514,26.317094715710162,-1.6960636768833517,2,1984,28.397628123556167,26.362734150725736,-2.0348939728304347,29,-0.38446973096265324,-0.045639435015573326,0.338830295947083,0.3388302959470799,0.0632761571903561
1984-03-01,28.000603777136497,26.73040844378935,-1.2701953333471465,3,1984,28.505902064828412,26.97654277974315,-1.5293592850852682,29,-0.5052982876919145,-0.24613433595379774,0.2591639517381217,0.2591639517381168,0.20299076278567632
1984-04-01,28.218448778905806,27.041845524192038,-1.1766032547137684,4,1984,28.76753315769216,27.234259200269864,-1.533273957422295,29,-0.549084378786354,-0.19241367607782678,0.35667070270852674,0.3566707027085272,0.12948245701698224
1984-05-01,28.431492271951083,26.16334503322303,-2.2681472387280515,5,1984,29.001680842735148,26.88192228246395,-2.119758560271202,29,-0.5701885707840653,-0.7185772492409193,-0.14838867845684955,-0.148388678456854,-0.11634904285866703
1984-06-01,28.409958990138374,25.203775189238446,-3.206183800899929,6,1984,28.95491155394823,26.292777195469522,-2.6621343584787094,29,-0.5449525638098542,-1.0890020062310768,-0.5440494424212194,-0.5440494424212226,-0.3312526222650299
1984-07-01,28.600931606612285,24.893526976128992,-3.7074046304832926,7,1984,28.791823880710215,25.584080783303573,-3.207743097406643,29,-0.19089227409792997,-0.6905538071745809,-0.4996615330766496,-0.49966153307665095,-0.36921358127156817
1984-08-01,28.41885485393683,24.528902318508493,-3.8899525354283355,8,1984,28.7117226587842,25.033123888959377,-3.6785987698248257,29,-0.29286780484737207,-0.5042215704508841,-0.21135376560350982,-0.21135376560351204,-0.2826100977024957
1984-09-01,28.551995107868052,24.634815114594357,-3.9171799932736953,9,1984,28.809879111961003,24.910017659108487,-3.8998614528525137,30,-0.25788400409295065,-0.27520254451412995,-0.017318540421181527,-0.017318540421179307,-0.26218995305062087
1984-10-01,28.59352832396707,24.157887167147447,-4.435641156819624,10,1984,28.92041281342971,24.935688103711282,-3.984724709718428,30,-0.32688448946263904,-0.7778009365638354,-0.4509164471011964,-0.4509164471011964,-0.36832264038442925
1984-11-01,28.66557094735983,24.11426785376967,-4.551303093590157,11,1984,28.9739795748146,25.013209584956392,-3.960769989858201,30,-0.3084086274547708,-0.8989417311867207,-0.5905331037319557,-0.5905331037319499,-0.518658030622837
1984-12-01,28.112889393039076,23.920693941114042,-4.192195451925034,12,1984,28.778553990862857,25.16765573708327,-3.61089825377959,30,-0.6656645978237812,-1.2469617959692272,-0.5812971981454442,-0.581297198145446,-0.6367213073874038
1985-01-01,27.92670476833194,24.29528982787887,-3.6314149404530696,1,1985,28.528958647172125,25.645348183104172,-2.883610464067951,29,-0.6022538788401839,-1.3500583552253005,-0.7478044763851184,-0.7478044763851166,-0.6877402488429943
1985-02-01,28.083814068692707,25.19938238724762,-2.8844316814450863,2,1985,28.397628123556167,26.362734150725736,-2.0348939728304347,29,-0.31381405486346026,-1.163351763478115,-0.8495377086146516,-0.8495377086146547,-0.6403529579736957
1985-03-01,27.953013009924057,26.045026468275573,-1.9079865416484836,3,1985,28.505902064828412,26.97654277974315,-1.5293592850852682,29,-0.5528890549043552,-0.9315163114675755,-0.3786272565632154,-0.37862725656322027,-0.5330040165839424
1985-04-01,28.2266966003931,26.367930378735508,-1.8587662216575929,4,1985,28.76753315769216,27.234259200269864,-1.533273957422295,29,-0.540836557299059,-0.8663288215343563,-0.32549226423529776,-0.3254922642352973,-0.4677716102146402
1985-05-01,28.47214310875181,25.743739770661126,-2.7284033380906827,5,1985,29.001680842735148,26.88192228246395,-2.119758560271202,29,-0.5295377339833394,-1.1381825118028246,-0.6086447778194808,-0.6086447778194852,-0.480225875453318
1985-06-01,28.4453360585715,25.28326524622104,-3.1620708123504606,6,1985,28.95491155394823,26.292777195469522,-2.6621343584787094,29,-0.5095754953767297,-1.009511949248484,-0.49993645387175123,-0.49993645387175434,-0.5109980696718033
1985-07-01,28.308741365190972,24.627780284506798,-3.680961080684174,7,1985,28.791823880710215,25.584080783303573,-3.207743097406643,29,-0.48308251551924286,-0.9563004987967751,-0.47321798327753095,-0.4732179832775323,-0.524302745982233
1985-08-01,28.373022157062373,24.133272914189245,-4.239749242873128,8,1985,28.7117226587842,25.033123888959377,-3.6785987698248257,29,-0.33870050172182786,-0.899850974770132,-0.5611504730483019,-0.5611504730483041,-0.5477771553666517
1985-09-01,28.47103991817195,23.964323005222404,-4.506716912949546,9,1985,28.809879111961003,24.910017659108487,-3.8998614528525137,30,-0.3388391937890525,-0.9456946538860826,-0.6068554600970324,-0.6068554600970302,-0.5783338927320266
1985-10-01,28.6195791527356,24.046287254806,-4.5732918979296,10,1985,28.92041281342971,24.935688103711282,-3.984724709718428,30,-0.30083366069411,-0.8894008489052823,-0.5885671882111723,-0.5885671882111723,-0.5926071190961981
1985-11-01,28.837126693599643,24.286142798401205,-4.5509838951984385,11,1985,28.9739795748146,25.013209584956392,-3.960769989858201,30,-0.1368528812149563,-0.7270667865551879,-0.5902139053402373,-0.5902139053402315,-0.5808820018707305
1985-12-01,28.605340213833415,24.389783853104248,-4.215556360729167,12,1985,28.778553990862857,25.16765573708327,-3.61089825377959,30,-0.17321377702944218,-0.7778718839790209,-0.6046581069495769,-0.6046581069495787,-0.5324268371560046
1986-01-01,28.20418588040578,24.897378360829293,-3.3068075195764877,1,1986,28.528958647172125,25.645348183104172,-2.883610464067951,29,-0.32477276676634403,-0.7479698222748787,-0.4231970555085365,-0.4231970555085347,-0.45042462192235
1986-02-01,28.18033411952327,25.80375059937658,-2.3765835201466885,2,1986,28.397628123556167,26.362734150725736,-2.0348939728304347,29,-0.21729400403289745,-0.5589835513491543,-0.3416895473162538,-0.3416895473162569,-0.34973824149571986
1986-03-01,28.423139052936335,26.610729394954742,-1.8124096579815934,3,1986,28.505902064828412,26.97654277974315,-1.5293592850852682,29,-0.08276301189207658,-0.36581338478840664,-0.2830503728963252,-0.28305037289633006,-0.28716557454428243
1986-04-01,28.425998561215675,26.786024287273918,-1.6399742739417569,4,1986,28.76753315769216,27.234259200269864,-1.533273957422295,29,-0.3415345964764853,-0.44823491299594664,-0.10670031651946177,-0.10670031651946132,-0.292164737419885
1986-05-01,28.86954088931804,26.20436357311643,-2.665177316201607,5,1986,29.001680842735148,26.88192228246395,-2.119758560271202,29,-0.13213995341710927,-0.6775587093475188,-0.5454187559304051,-0.5454187559304096,-0.2814671639247062
1986-06-01,28.857223416710593,25.943010409067554,-2.9142130076430384,6,1986,28.95491155394823,26.292777195469522,-2.6621343584787094,29,-0.09768813723763614,-0.34976678640196823,-0.252078649164329,-0.2520786491643321,-0.19451293773550576
1986-07-01,28.666867214935724,25.622580444101924,-3.0442867708338,7,1986,28.791823880710215,25.584080783303573,-3.207743097406643,29,-0.12495666577449072,0.03849966079835099,0.16345632657284304,0.1634563265728417,-0.04855552895794428
1986-08-01,28.8035978461476,25.05174602474617,-3.7518518214014307,8,1986,28.7117226587842,25.033123888959377,-3.6785987698248257,29,0.09187518736339939,0.01862213578679217,-0.073253051576605,-0.07325305157660722,0.08737932652655267
1986-09-01,28.79291385170286,25.17797460321685,-3.61493924848601,9,1986,28.809879111961003,24.910017659108487,-3.8998614528525137,30,-0.016965260258142933,0.2679569441083629,0.2849222043665036,0.28492220436650584,0.19349689824932026
1986-10-01,29.083704846095667,25.34748731734858,-3.736217528747087,10,1986,28.92041281342971,24.935688103711282,-3.984724709718428,30,0.16329203266595727,0.4117992136372983,0.24850718097134106,0.24850718097134106,0.33291622223443007
1986-11-01,29.104614857858788,25.636900114769364,-3.4677147430894237,11,1986,28.9739795748146,25.013209584956392,-3.960769989858201,30,0.1306352830441888,0.623690529812972,0.49305524676877743,0.4930552467687832,0.5051595794190444
1986-12-01,28.698909705908655,25.828298093227623,-2.8706116126810315,12,1986,28.778553990862857,25.16765573708327,-3.61089825377959,30,-0.0796442849542025,0.6606423561443542,0.7402866410985585,0.7402866410985567,0.6689630544128676
1987-01-01,28.55298552390615,26.50776535521542,-2.0452201686907294,1,1987,28.528958647172125,25.645348183104172,-2.883610464067951,29,0.02402687673402326,0.8624171721112468,0.8383902953772218,0.8383902953772235,0.7675807970887872
1987-02-01,28.384639631232904,27.173311939553308,-1.211327691679596,2,1987,28.397628123556167,26.362734150725736,-2.0348939728304347,29,-0.012988492323263046,0.8105777888275725,0.8235662811508386,0.8235662811508355,0.7629778153826158
1987-03-01,28.787862562241603,27.931297647195926,-0.8565649150456771,3,1987,28.505902064828412,26.97654277974315,-1.5293592850852682,29,0.2819604974131913,0.9547548674527775,0.6727943700395911,0.6727943700395862,0.7038889969645287
1987-04-01,28.987466258756598,28.04182032397334,-0.9456459347832578,4,1987,28.76753315769216,27.234259200269864,-1.533273957422295,29,0.21993310106443786,0.8075611237034757,0.5876280226390374,0.5876280226390378,0.6554341907003037
1987-05-01,29.089216686056663,27.65297540245459,-1.4362412836020724,5,1987,29.001680842735148,26.88192228246395,-2.119758560271202,29,0.08753584332151476,0.7710531199906399,0.6835172766691295,0.6835172766691251,0.6767559424770031
1987-06-01,29.075683991400194,27.03574660949198,-2.0399373819082136,6,1987,28.95491155394823,26.292777195469522,-2.6621343584787094,29,0.12077243745196498,0.7429694140224576,0.6221969765704958,0.6221969765704927,0.7994896452165401
1987-07-01,28.822080051213618,26.699069789186304,-2.1230102620273144,7,1987,28.791823880710215,25.584080783303573,-3.207743097406643,29,0.030256170503403013,1.1149890058827303,1.0847328353793286,1.0847328353793273,0.9828694527835641
1987-08-01,28.606455345844385,26.140566053551645,-2.46588929229274,8,1987,28.7117226587842,25.033123888959377,-3.6785987698248257,29,-0.10526731293981584,1.1074421645922676,1.2127094775320857,1.2127094775320835,1.101085796787044
1987-09-01,28.874501389814274,26.24190538987034,-2.632595999943934,9,1987,28.809879111961003,24.910017659108487,-3.8998614528525137,30,0.06462227785327102,1.3318877307618529,1.2672654529085796,1.2672654529085818,1.023278318598078
1987-10-01,29.229812312719858,25.929087412883394,-3.3007248998364638,10,1987,28.92041281342971,24.935688103711282,-3.984724709718428,30,0.3093994992901479,0.993399309172112,0.6839998098819642,0.6839998098819642,0.8034479988916512
1987-11-01,29.417857597455708,25.892504921518647,-3.525352675937061,11,1987,28.9739795748146,25.013209584956392,-3.960769989858201,30,0.4438780226411083,0.8792953365622544,0.43541731392114036,0.43541731392114613,0.5791415680767955
1987-12-01,29.121033319270044,26.094754034641166,-3.0262792846288775,12,1987,28.778553990862857,25.16765573708327,-3.61089825377959,30,0.34247932840718676,0.9270982975578974,0.5846189691507124,0.5846189691507107,0.3705699830608178
1988-01-01,28.900321845714657,26.151619152877082,-2.7487026928375755,1,1988,28.528958647172125,25.645348183104172,-2.883610464067951,29,0.3713631985425323,0.5062709697729098,0.13490777123037567,0.13490777123037745,0.13698265952136518
1988-02-01,28.646418557983306,26.324913439943323,-2.3215051180399833,2,1988,28.397628123556167,26.362734150725736,-2.0348939728304347,29,0.24879043442713922,-0.03782071078241245,-0.28661114520954856,-0.28661114520955167,-0.11986051400105942
1988-03-01,28.593497899927776,26.838858658432756,-1.7546392414950205,3,1988,28.505902064828412,26.97654277974315,-1.5293592850852682,29,0.0875958350993642,-0.13768412131039298,-0.2252799564097523,-0.22527995640975718,-0.3839245199884374
1988-04-01,28.632412959341984,26.493755001132588,-2.1386579582093965,4,1988,28.76753315769216,27.234259200269864,-1.533273957422295,29,-0.13512019835017597,-0.7405041991372769,-0.6053840007871014,-0.605384000787101,-0.7006744832856019
1988-05-01,28.66018502188185,25.375529714147984,-3.2846553077338676,5,1988,29.001680842735148,26.88192228246395,-2.119758560271202,29,-0.34149582085329655,-1.5063925683159667,-1.1648967474626657,-1.1648967474626701,-1.0636300181711769
1988-06-01,28.530015538128144,24.33846464019742,-4.191550897930725,6,1988,28.95491155394823,26.292777195469522,-2.6621343584787094,29,-0.4248960158200852,-1.9543125552721037,-1.5294165394520154,-1.5294165394520185,-1.3169101160059824
1988-07-01,28.429786992252254,23.747752243769252,-4.682034748483002,7,1988,28.791823880710215,25.584080783303573,-3.207743097406643,29,-0.3620368884579612,-1.8363285395343212,-1.4742916510763586,-1.47429165107636,-1.315697860063766
1988-08-01,28.412481711025087,23.57157690334071,-4.840904807684378,8,1988,28.7117226587842,25.033123888959377,-3.6785987698248257,29,-0.29924094775911314,-1.4615469856186678,-1.1623060378595524,-1.1623060378595547,-1.1010579848360569
1988-09-01,28.518665364784166,23.967660674869265,-4.551004689914901,9,1988,28.809879111961003,24.910017659108487,-3.8998614528525137,30,-0.2912137471768368,-0.9423569842392219,-0.6511432370623873,-0.6511432370623851,-0.8492031107212292
1988-10-01,28.093037031132376,23.450561858687728,-4.642475172444648,10,1988,28.92041281342971,24.935688103711282,-3.984724709718428,30,-0.8273757822973344,-1.4851262450235545,-0.6577504627262201,-0.6577504627262201,-0.7000180577597083
1988-11-01,27.972519003148005,23.360345785718277,-4.612173217429728,11,1988,28.9739795748146,25.013209584956392,-3.960769989858201,30,-1.0014605716665947,-1.6528637992381157,-0.6514032275715267,-0.6514032275715209,-0.647248604568122
1988-12-01,27.752443533683806,23.44227586945389,-4.310167664229915,12,1988,28.778553990862857,25.16765573708327,-3.61089825377959,30,-1.0261104571790511,-1.7253798676293783,-0.6992694104503254,-0.6992694104503272,-0.5791981021211456
1989-01-01,27.57507239439924,24.252294442391953,-3.3227779520072858,1,1989,28.528958647172125,25.645348183104172,-2.883610464067951,29,-0.953886252772886,-1.3930537407122188,-0.4391674879393346,-0.4391674879393328,-0.471814954412672
1989-02-01,27.65753568620141,25.398804738977333,-2.258730947224077,2,1989,28.397628123556167,26.362734150725736,-2.0348939728304347,29,-0.7400924373547575,-0.9639294117484027,-0.22383697439364214,-0.22383697439364525,-0.3932989165157529
1989-03-01,27.88766499452699,25.873918590350424,-2.0137464041765654,3,1989,28.505902064828412,26.97654277974315,-1.5293592850852682,29,-0.6182370703014222,-1.1026241893927242,-0.48438711909129717,-0.48438711909130205,-0.38716681736691055
1989-04-01,28.268759209739134,26.381179383244593,-1.887579826494541,4,1989,28.76753315769216,27.234259200269864,-1.533273957422295,29,-0.4987739479530262,-0.8530798170252716,-0.3543058690722458,-0.35430586907224537,-0.36846583204475
1989-05-01,28.719700702410844,26.065084828438902,-2.6546158739719417,5,1989,29.001680842735148,26.88192228246395,-2.119758560271202,29,-0.2819801403243041,-0.8168374540250483,-0.5348573137007397,-0.5348573137007442,-0.2461894981892853
1989-06-01,28.36207066384303,25.977140069886058,-2.384930593956973,6,1989,28.95491155394823,26.292777195469522,-2.6621343584787094,29,-0.5928408901051974,-0.31563712558346424,0.27720376452173623,0.2772037645217331,-0.11834447589128272
1989-07-01,28.48427754564978,25.177383157517497,-3.3068943881322816,7,1989,28.791823880710215,25.584080783303573,-3.207743097406643,29,-0.3075463350604366,-0.4066976257860766,-0.09915129072563866,-0.09915129072564,-0.10137934715659776
1989-08-01,28.439956957790336,24.488741101534554,-3.951215856255782,8,1989,28.7117226587842,25.033123888959377,-3.6785987698248257,29,-0.2717657009938641,-0.5443827874248228,-0.2726170864309565,-0.2726170864309587,-0.19578061785210774
1989-09-01,28.733703129397497,24.534991952996766,-4.198711176400732,9,1989,28.809879111961003,24.910017659108487,-3.8998614528525137,30,-0.07617598256350533,-0.37502570611172104,-0.2988497235482179,-0.2988497235482157,-0.26665666037726177
1989-10-01,28.80195604007964,24.47513154015958,-4.326824499920061,10,1989,28.92041281342971,24.935688103711282,-3.984724709718428,30,-0.11845677335006854,-0.4605565635517017,-0.34209979020163317,-0.34209979020163317,-0.2524051065728537
1989-11-01,28.49206366027812,24.470114560709057,-4.021949099569063,11,1989,28.9739795748146,25.013209584956392,-3.960769989858201,30,-0.4819159145364793,-0.5430950242473358,-0.06117910971086227,-0.061179109710856494,-0.23790073681424057
1989-12-01,28.667002682150606,24.748345896511502,-3.9186567856391044,12,1989,28.778553990862857,25.16765573708327,-3.61089825377959,30,-0.11155130871225083,-0.419309840571767,-0.3077585318595144,-0.3077585318595162,-0.2583004137468949
1990-01-01,28.536575097194984,25.291296919931256,-3.245278177263728,1,1990,28.528958647172125,25.645348183104172,-2.883610464067951,29,0.007616450022858601,-0.35405126317291646,-0.36166771319577684,-0.36166771319577506,-0.31164037512522746
1990-02-01,28.577049344042347,26.284224792608782,-2.292824551433565,2,1990,28.397628123556167,26.362734150725736,-2.0348939728304347,29,0.17942122048618003,-0.07850935811695336,-0.2579305786031303,-0.2579305786031334,-0.3654395292262789
1990-03-01,28.673885640281867,26.609759147575772,-2.0641264927060945,3,1990,28.505902064828412,26.97654277974315,-1.5293592850852682,29,0.1679835754534551,-0.3667836321673761,-0.5347672076208263,-0.5347672076208312,-0.36117457601975334
1990-04-01,28.9843765313539,27.0946138319381,-1.8897626994157974,4,1990,28.76753315769216,27.234259200269864,-1.533273957422295,29,0.21684337366173878,-0.1396453683317631,-0.35648874199350233,-0.3564887419935019,-0.27293539587146864
1990-05-01,29.121676704423866,27.011817737384604,-2.109858967039262,5,1990,29.001680842735148,26.88192228246395,-2.119758560271202,29,0.11999586168871801,0.12989545492065346,0.009899593231939896,0.009899593231935455,-0.13575891860782985
1990-06-01,28.946273728473727,26.267403009281193,-2.6788707191925347,6,1990,28.95491155394823,26.292777195469522,-2.6621343584787094,29,-0.008637825474501426,-0.025374186188329872,-0.016736360713825338,-0.016736360713828446,-0.04634774297582837
1990-07-01,28.78714464519304,25.56513866730749,-3.2220059778855514,7,1990,28.791823880710215,25.584080783303573,-3.207743097406643,29,-0.004679235517173197,-0.018942115996082975,-0.014262880478908446,-0.014262880478909779,-0.048967379063583796
1990-08-01,28.840018797168423,25.041771158223366,-3.798247638945057,8,1990,28.7117226587842,25.033123888959377,-3.6785987698248257,29,0.12829613838422205,0.008647269263988733,-0.1196488691202311,-0.11964886912023331,-0.10304207745458419
1990-09-01,28.884499778981226,24.85333739555157,-4.031162383429656,9,1990,28.809879111961003,24.910017659108487,-3.8998614528525137,30,0.07462066702022341,-0.0566802635569168,-0.13130093057714243,-0.1313009305771402,-0.18106094993529437
1990-10-01,29.11816829911462,24.828961930304082,-4.289206368810536,10,1990,28.92041281342971,24.935688103711282,-3.984724709718428,30,0.1977554856849082,-0.10672617340719981,-0.304481659092108,-0.304481659092108,-0.2542396727301486
1990-11-01,29.1113871096502,24.78974390799296,-4.321643201657238,11,1990,28.9739795748146,25.013209584956392,-3.960769989858201,30,0.13740753483559942,-0.223465676963432,-0.3608732117990372,-0.3608732117990314,-0.28783911352195657
1990-12-01,28.97270722703122,25.125030833107047,-3.8476763939241714,12,1990,28.778553990862857,25.16765573708327,-3.61089825377959,30,0.19415323616836133,-0.04262490397622187,-0.23677814014458143,-0.2367781401445832,-0.2768497842146682
1991-01-01,28.737440450585797,25.598333799737727,-3.1391066508480705,1,1991,28.528958647172125,25.645348183104172,-2.883610464067951,29,0.2084818034136724,-0.047014383366445145,-0.2554961867801193,-0.25549618678011754,-0.24226901537107215
1991-02-01,28.565290460747462,26.308901492748912,-2.25638896799855,2,1991,28.397628123556167,26.362734150725736,-2.0348939728304347,29,0.1676623371912953,-0.05383265797682313,-0.22149499516811533,-0.22149499516811844,-0.22686735408052067
1991-03-01,28.612126941122558,26.93321683644203,-1.6789101046805293,3,1991,28.505902064828412,26.97654277974315,-1.5293592850852682,29,0.10622487629414579,-0.04332594330112016,-0.14955081959526106,-0.14955081959526595,-0.2145857546990298
1991-04-01,29.046132205901568,27.12834913945621,-1.9177830664453595,4,1991,28.76753315769216,27.234259200269864,-1.533273957422295,29,0.27859904820940784,-0.10591006081365606,-0.38450910902306434,-0.3845091090230639,-0.11495894460631072
1991-05-01,29.250162289379112,27.227086450454255,-2.023075838924857,5,1991,29.001680842735148,26.88192228246395,-2.119758560271202,29,0.24848144664396443,0.3451641679903048,0.09668272134634481,0.09668272134634037,0.11460488185992487
1991-06-01,29.105054059329706,26.98154809158239,-2.1235059677473167,6,1991,28.95491155394823,26.292777195469522,-2.6621343584787094,29,0.15014250538147778,0.6887708961128673,0.5386283907313927,0.5386283907313896,0.362782911425248
1991-07-01,28.816326776992753,26.284304350990105,-2.532022426002648,7,1991,28.791823880710215,25.584080783303573,-3.207743097406643,29,0.02450289628253799,0.7002235676865318,0.6757206714039952,0.6757206714039938,0.4509433441201476
1991-08-01,28.89474148925372,25.482323024378346,-3.412418464875376,8,1991,28.7117226587842,25.033123888959377,-3.6785987698248257,29,0.18301883046952128,0.4491991354189686,0.26618030494944955,0.26618030494944733,0.3666977852503215
1991-09-01,28.766752180967508,25.064219363551913,-3.7025328174155945,9,1991,28.809879111961003,24.910017659108487,-3.8998614528525137,30,-0.04312693099349474,0.15420170444342673,0.19732863543691925,0.19732863543692147,0.28887992915518446
1991-10-01,29.116114465996535,25.30926564823003,-3.806848817766504,10,1991,28.92041281342971,24.935688103711282,-3.984724709718428,30,0.19570165256682515,0.37357754451874925,0.1778758919519241,0.1778758919519241,0.3616538883272073
1991-11-01,29.159724215301154,25.868309571449373,-3.2914146438517804,11,1991,28.9739795748146,25.013209584956392,-3.960769989858201,30,0.18574464048655415,0.8550999864929807,0.6693553460064208,0.6693553460064265,0.563307118265393
1991-12-01,29.143672502835113,26.294885091894844,-2.848787410940268,12,1991,28.778553990862857,25.16765573708327,-3.61089825377959,30,0.36511851197225553,1.1272293548115755,0.7621108428393217,0.76211084283932,0.7674847507170356
1992-01-01,28.674287580514697,26.855652311795122,-1.818635268719575,1,1992,28.528958647172125,25.645348183104172,-2.883610464067951,29,0.14532893334257224,1.2103041286909502,1.0649751953483761,1.064975195348378,0.857295589352184
1992-02-01,28.649592612434176,27.395204760834567,-1.2543878515996099,2,1992,28.397628123556167,26.362734150725736,-2.0348939728304347,29,0.25196448887800926,1.032470610108831,0.7805061212308249,0.7805061212308217,0.8480017534750464
1992-03-01,28.702300947784323,27.903381715314897,-0.7989192324694265,3,1992,28.505902064828412,26.97654277974315,-1.5293592850852682,29,0.19639888295591135,0.9268389355717481,0.7304400526158417,0.7304400526158368,0.8399717314984174
1992-04-01,29.083899973898518,28.456265986521505,-0.6276339873770134,4,1992,28.76753315769216,27.234259200269864,-1.533273957422295,29,0.316366816206358,1.2220067862516402,0.9056399700452817,0.9056399700452822,0.8492104198575706
1992-05-01,29.273483851504896,28.18821238957464,-1.0852714619302546,5,1992,29.001680842735148,26.88192228246395,-2.119758560271202,29,0.27180300876974783,1.3062901071106907,1.0344870983409473,1.0344870983409429,0.7378592670552656
1992-06-01,29.085529345745012,26.91607257127483,-2.1694567744701807,6,1992,28.95491155394823,26.292777195469522,-2.6621343584787094,29,0.13061779179678368,0.6232953758053092,0.4926775840085287,0.49267758400852557,0.4336782608113975
1992-07-01,28.927233319052466,25.510460318167947,-3.4167730008845183,7,1992,28.791823880710215,25.584080783303573,-3.207743097406643,29,0.1354094383422506,-0.07362046513562603,-0.2090299034778753,-0.20902990347787664,0.07839806475602322
1992-08-01,28.68234351239808,24.855161981641412,-3.8271815307566683,8,1992,28.7117226587842,25.033123888959377,-3.6785987698248257,29,-0.029379146386119714,-0.17796190731796457,-0.14858276093184264,-0.14858276093184486,-0.15752562107246051
1992-09-01,28.888292606170356,24.698555976730617,-4.189736629439739,9,1992,28.809879111961003,24.910017659108487,-3.8998614528525137,30,0.07841349420935373,-0.21146168237786966,-0.2898751765872256,-0.2898751765872234,-0.20959436818068686
1992-10-01,28.868161621325807,24.591498158651998,-4.27666346267381,10,1992,28.92041281342971,24.935688103711282,-3.984724709718428,30,-0.05225119210390261,-0.34418994505928424,-0.29193875295538163,-0.29193875295538163,-0.14514480656721868
1992-11-01,28.722326184310784,24.93651892777279,-3.7858072565379928,11,1992,28.9739795748146,25.013209584956392,-3.960769989858201,30,-0.2516533905038152,-0.07669065718360102,0.1749627333202084,0.17496273332021417,-0.05711169191567315
1992-12-01,28.729720124561037,25.038159294529244,-3.6915608300317935,12,1992,28.778553990862857,25.16765573708327,-3.61089825377959,30,-0.04883386630181974,-0.12949644255402504,-0.08066257625220352,-0.0806625762522053,0.02927821301335998
1993-01-01,28.5078327337135,25.646710197586618,-2.8611225361268815,1,1993,28.528958647172125,25.645348183104172,-2.883610464067951,29,-0.02112591345862569,0.0013620144824457725,0.022487927941069685,0.02248792794107146,0.12953174571645187
1993-02-01,28.322430322625817,26.661111980136063,-1.6613183424897535,2,1993,28.397628123556167,26.362734150725736,-2.0348939728304347,29,-0.07519780093035067,0.2983778294103274,0.3735756303406812,0.3735756303406781,0.28755799138148985
1993-03-01,28.447323649459054,27.32869170562129,-1.1186319438377659,3,1993,28.505902064828412,26.97654277974315,-1.5293592850852682,29,-0.05857841536935737,0.35214892587814006,0.4107273412475023,0.41072734124749744,0.5135187958389948
1993-04-01,28.696622412721453,27.9007585992008,-0.7958638135206542,4,1993,28.76753315769216,27.234259200269864,-1.533273957422295,29,-0.07091074497070693,0.6664993989309345,0.737410143901641,0.7374101439016414,0.7244800142739006
1993-05-01,28.820153547245706,27.864265921384398,-0.9558876258613083,5,1993,29.001680842735148,26.88192228246395,-2.119758560271202,29,-0.1815272954894418,0.9823436389204474,1.1638709344098936,1.1638709344098892,0.8068328774156829
1993-06-01,28.74546513156331,26.730079911451977,-2.015385220111334,6,1993,28.95491155394823,26.292777195469522,-2.6621343584787094,29,-0.20944642238491795,0.4373027159824545,0.6467491383673756,0.6467491383673725,0.7060942774493493
1993-07-01,28.65169531162098,25.907257817508405,-2.7444374941125744,7,1993,28.791823880710215,25.584080783303573,-3.207743097406643,29,-0.1401285690892351,0.3231770342048321,0.46330560329406856,0.4633056032940672,0.5027054243888318
1993-08-01,28.541981110632396,25.13057735971673,-3.411403750915664,8,1993,28.7117226587842,25.033123888959377,-3.6785987698248257,29,-0.16974154815180498,0.09745347075735467,0.26719501890916186,0.26719501890915964,0.36797058269372185
1993-09-01,28.683547297713435,25.057225118111123,-3.6263221796023117,9,1993,28.809879111961003,24.910017659108487,-3.8998614528525137,30,-0.12633181424756756,0.14720745900263665,0.273539273250202,0.2735392732502042,0.3253453479111303
1993-10-01,28.705009935541927,25.209868374511327,-3.4951415610306,10,1993,28.92041281342971,24.935688103711282,-3.984724709718428,30,-0.215402877887783,0.2741802708000449,0.48958314868782793,0.48958314868782793,0.2543222747277792
1993-11-01,29.073164067733323,25.18874105372284,-3.8844230140104834,11,1993,28.9739795748146,25.013209584956392,-3.960769989858201,30,0.09918449291872378,0.17553146876644732,0.07634697584771777,0.07634697584772354,0.1251308297093108
1993-12-01,29.030034351345442,25.19581703334497,-3.834217318000473,12,1993,28.778553990862857,25.16765573708327,-3.61089825377959,30,0.25148036048258504,0.028161296261700386,-0.22331906422088288,-0.22331906422088466,0.007462986910818703
1994-01-01,28.496634928166063,25.736874990567934,-2.7597599375981297,1,1994,28.528958647172125,25.645348183104172,-2.883610464067951,29,-0.03232371900606168,0.09152680746376163,0.12385052646982153,0.12385052646982331,-0.07450779595165657
1994-02-01,28.3502783519696,26.208040823312075,-2.1422375286575246,2,1994,28.397628123556167,26.362734150725736,-2.0348939728304347,29,-0.04734977158656761,-0.1546933274136606,-0.10734355582708988,-0.10734355582709298,-0.18529645888346752
1994-03-01,28.639438133727857,26.636224075639625,-2.0032140580882327,3,1994,28.505902064828412,26.97654277974315,-1.5293592850852682,29,0.13353606889944558,-0.34031870410352383,-0.4738547730029645,-0.4738547730029694,-0.3390681266809842
1994-04-01,28.75197067926332,26.697845242368086,-2.0541254368952337,4,1994,28.76753315769216,27.234259200269864,-1.533273957422295,29,-0.01556247842884062,-0.5364139579017788,-0.5208514794729386,-0.5208514794729382,-0.430157606915858
1994-05-01,29.165636934008376,26.633214525007485,-2.5324224090008904,5,1994,29.001680842735148,26.88192228246395,-2.119758560271202,29,0.16395609127322786,-0.24870775745646512,-0.41266384872968853,-0.412663848729693,-0.4447548878336021
1994-06-01,29.138186105121747,26.164465802569545,-2.973720302552202,6,1994,28.95491155394823,26.292777195469522,-2.6621343584787094,29,0.18327455117351832,-0.1283113928999775,-0.3115859440734927,-0.3115859440734958,-0.47398198326376756
1994-07-01,29.077150510410974,25.154171197562118,-3.922979312848856,7,1994,28.791823880710215,25.584080783303573,-3.207743097406643,29,0.2853266297007586,-0.42990958574145566,-0.7152362154422129,-0.7152362154422143,-0.49479254564650826
1994-08-01,29.00224485238614,24.78675773167872,-4.215487120707422,8,1994,28.7117226587842,25.033123888959377,-3.6785987698248257,29,0.29052219360194087,-0.24636615728065792,-0.5368883508825966,-0.5368883508825988,-0.3804843330392553
1994-09-01,28.803985113746332,24.785644708502527,-4.018340405243805,9,1994,28.809879111961003,24.910017659108487,-3.8998614528525137,30,-0.005893998214670404,-0.12437295060595943,-0.11847895239129125,-0.11847895239128903,-0.09002792136247079
1994-10-01,29.120909602211736,25.530657747126636,-3.5902518550851,10,1994,28.92041281342971,24.935688103711282,-3.984724709718428,30,0.2004967887820257,0.5949696434153537,0.39447285463332804,0.39447285463332804,0.24329520264245563
1994-11-01,29.284973079457817,25.86026654700515,-3.4247065324526673,11,1994,28.9739795748146,25.013209584956392,-3.960769989858201,30,0.31099350464321773,0.8470569620487574,0.5360634574055338,0.5360634574055396,0.46146974332024515
1994-12-01,29.072197660126527,26.08708525536296,-2.9851124047635658,12,1994,28.778553990862857,25.16765573708327,-3.61089825377959,30,0.2936436692636697,0.9194295182796921,0.6257858490160242,0.6257858490160224,0.48613635701389396
1995-01-01,28.664197832041015,26.231673299637105,-2.43252453240391,1,1995,28.528958647172125,25.645348183104172,-2.883610464067951,29,0.1352391848688903,0.5863251165329331,0.451085931664041,0.45108593166404276,0.3015487562819559
1995-02-01,28.80494360631389,26.744621499744035,-2.0603221065698563,2,1995,28.397628123556167,26.362734150725736,-2.0348939728304347,29,0.4073154827577241,0.38188734901829946,-0.025428133739421543,-0.025428133739424652,-0.038966662149532386
1995-03-01,28.904148855928973,26.85189431633567,-2.052254539593303,3,1995,28.505902064828412,26.97654277974315,-1.5293592850852682,29,0.3982467911005614,-0.12464846340747826,-0.5228952545080348,-0.5228952545080396,-0.4227535394362539
1995-04-01,29.073581304676715,26.764062055933675,-2.3095192487430403,4,1995,28.76753315769216,27.234259200269864,-1.533273957422295,29,0.30604814698455485,-0.47019714433618987,-0.7762452913207452,-0.7762452913207447,-0.7072013137001548
1995-05-01,29.30157907118848,26.15429339923083,-3.1472856719576505,5,1995,29.001680842735148,26.88192228246395,-2.119758560271202,29,0.29989822845333336,-0.7276288832331197,-1.0275271116864486,-1.027527111686453,-0.79062671919738
1995-06-01,29.16996123839279,25.803087513118076,-3.366873725274715,6,1995,28.95491155394823,26.292777195469522,-2.6621343584787094,29,0.21504968444456196,-0.4896896823514467,-0.7047393667960056,-0.7047393667960087,-0.730348835640196
1995-07-01,28.96130513304964,25.341999080878516,-3.6193060521711224,7,1995,28.791823880710215,25.584080783303573,-3.207743097406643,29,0.16948125233942335,-0.24208170242505744,-0.41156295476447946,-0.4115629547644808,-0.676203401500863
1995-08-01,28.878005981321284,24.347694141671656,-4.530311839649627,8,1995,28.7117226587842,25.033123888959377,-3.6785987698248257,29,0.16628332253708322,-0.6854297472877207,-0.8517130698248017,-0.8517130698248039,-0.6973648765277881
1995-09-01,28.820068863802494,24.148902833546412,-4.671166030256082,9,1995,28.809879111961003,24.910017659108487,-3.8998614528525137,30,0.010189751841490846,-0.7611148255620748,-0.7713045774035678,-0.7713045774035656,-0.7391988398754699
1995-10-01,28.85751109663572,24.164602111183186,-4.692908985452533,10,1995,28.92041281342971,24.935688103711282,-3.984724709718428,30,-0.06290171679399137,-0.7710859925280964,-0.708184275734105,-0.708184275734105,-0.7431166319047559
1995-11-01,28.871351009791596,24.216668242483227,-4.654682767308369,11,1995,28.9739795748146,25.013209584956392,-3.960769989858201,30,-0.10262856502300366,-0.7965413424731658,-0.6939127774501679,-0.6939127774501621,-0.7358608634368972
1995-12-01,28.713176210343644,24.26498061102941,-4.448195599314232,12,1995,28.778553990862857,25.16765573708327,-3.61089825377959,30,-0.0653777805192135,-0.9026751260538575,-0.8372973455346422,-0.837297345534644,-0.7110616124337557
1996-01-01,28.466077110900635,24.9355368366004,-3.530540274300236,1,1996,28.528958647172125,25.645348183104172,-2.883610464067951,29,-0.06288153627149029,-0.7098113465037734,-0.6469298102322849,-0.6469298102322831,-0.6093724849623718
1996-02-01,28.24309330966504,25.755361408549568,-2.4877319011154704,2,1996,28.397628123556167,26.362734150725736,-2.0348939728304347,29,-0.15453481389112866,-0.6073727421761674,-0.45283792828503566,-0.45283792828503877,-0.4882586367282348
1996-03-01,28.309374471705024,26.619583206909635,-1.6897912647953888,3,1996,28.505902064828412,26.97654277974315,-1.5293592850852682,29,-0.1965275931233883,-0.35695957283351376,-0.16043197971012058,-0.16043197971012546,-0.47035522702460747
1996-04-01,28.67158668280781,26.3499435131487,-2.3216431696591115,4,1996,28.76753315769216,27.234259200269864,-1.533273957422295,29,-0.09594647488435015,-0.8843156871211661,-0.7883692122368164,-0.788369212236816,-0.5502415457221655
1996-05-01,28.87641037436686,26.12466824043869,-2.7517421339281682,5,1996,29.001680842735148,26.88192228246395,-2.119758560271202,29,-0.1252704683682886,-0.7572540420252594,-0.6319835736569663,-0.6319835736569708,-0.6210005835649085
1996-06-01,28.930951904737057,25.649480434925923,-3.281471469811134,6,1996,28.95491155394823,26.292777195469522,-2.6621343584787094,29,-0.023959649211171552,-0.6432967605435991,-0.6193371113324244,-0.6193371113324275,-0.6216630665546887
1996-07-01,28.774456590344343,25.026191735204506,-3.748264855139837,7,1996,28.791823880710215,25.584080783303573,-3.207743097406643,29,-0.017367290365871924,-0.5578890480990673,-0.540521757733194,-0.5405217577331953,-0.6166951519826073
1996-08-01,28.864606823438887,24.50928490669479,-4.355321916744096,8,1996,28.7117226587842,25.033123888959377,-3.6785987698248257,29,0.15288416465468657,-0.5238389822645857,-0.67672314691927,-0.6767231469192723,-0.648591748232271
1996-09-01,28.934927767186714,24.316975869887738,-4.617951897298976,9,1996,28.809879111961003,24.910017659108487,-3.8998614528525137,30,0.1250486552257115,-0.5930417892207487,-0.7180904444464624,-0.7180904444464602,-0.6624344263897023
1996-10-01,29.010881367108347,24.34512198415114,-4.665759382957205,10,1996,28.92041281342971,24.935688103711282,-3.984724709718428,30,0.09046855367863671,-0.5905661195601404,-0.6810346732387771,-0.6810346732387771,-0.6752454980620484
1996-11-01,28.882807319928858,24.458981209387414,-4.4238261105414445,11,1996,28.9739795748146,25.013209584956392,-3.960769989858201,30,-0.09117225488574121,-0.5542283755689787,-0.4630561206832433,-0.46305612068323754,-0.7620839208270697
1996-12-01,28.938742891228035,24.16920019596736,-4.769542695260675,12,1996,28.778553990862857,25.16765573708327,-3.61089825377959,30,0.16018890036517774,-0.9984555411159093,-1.1586444414810853,-1.158644441481087,-0.8885166371280959
1997-01-01,28.624272873199068,24.685007630545304,-3.9392652426537644,1,1997,28.528958647172125,25.645348183104172,-2.883610464067951,29,0.09531422602694306,-0.9603405525588684,-1.0556547785858132,-1.0556547785858115,-0.8966706948795584
1997-02-01,28.586034096849506,25.760685615452207,-2.825348481397299,2,1997,28.397628123556167,26.362734150725736,-2.0348939728304347,29,0.18840597329333875,-0.6020485352735285,-0.7904545085668642,-0.7904545085668673,-0.7075299730097938
1997-03-01,28.524202245860625,26.767766707391,-1.7564355384696242,3,1997,28.505902064828412,26.97654277974315,-1.5293592850852682,29,0.018300181032213203,-0.20877607235214768,-0.227076253384356,-0.22707625338436088,-0.3979507413168736
1997-04-01,29.085906085859296,27.230928023978525,-1.8549780618807716,4,1997,28.76753315769216,27.234259200269864,-1.533273957422295,29,0.31837292816713614,-0.0033311762913399434,-0.3217041044584765,-0.3217041044584761,0.022757330839308046
1997-05-01,29.214647132534278,27.619915307659852,-1.594731824874426,5,1997,29.001680842735148,26.88192228246395,-2.119758560271202,29,0.21296628979913024,0.7379930251959017,0.5250267353967759,0.5250267353967715,0.5970478478074286
1997-06-01,29.015631784161698,27.810004876118196,-1.2056269080435023,6,1997,28.95491155394823,26.292777195469522,-2.6621343584787094,29,0.060720230213469506,1.5172276806486735,1.4565074504352071,1.456507450435204,1.2601416504598966
1997-07-01,28.95480792308681,27.634198273236372,-1.3206096498504394,7,1997,28.791823880710215,25.584080783303573,-3.207743097406643,29,0.16298404237659625,2.0501174899327985,1.8871334475562036,1.8871334475562023,1.834435116666754
1997-08-01,28.782026757639862,27.484321547192504,-1.2977052104473579,8,1997,28.7117226587842,25.033123888959377,-3.6785987698248257,29,0.07030409885566158,2.451197658233127,2.380893559377468,2.3808935593774656,2.2256035803396275
1997-09-01,28.934674664061564,27.462271056150485,-1.4724036079110796,9,1997,28.809879111961003,24.910017659108487,-3.8998614528525137,30,0.12479555210056148,2.552253397041998,2.427457844941434,2.4274578449414363,2.492584987404177
1997-10-01,28.91095914759421,27.709621836513318,-1.2013373110808914,10,1997,28.92041281342971,24.935688103711282,-3.984724709718428,30,-0.009453665835501113,2.7739337328020355,2.7833873986375366,2.7833873986375366,2.6687321017814236
1997-11-01,29.290636824308685,28.15107898193365,-1.1395578423750337,11,1997,28.9739795748146,25.013209584956392,-3.960769989858201,30,0.31665724949408514,3.1378693969772584,2.8212121474831675,2.8212121474831733,2.7495332990379793
1997-12-01,29.124565123243116,28.27799895963919,-0.8465661636039243,12,1997,28.778553990862857,25.16765573708327,-3.61089825377959,30,0.3460111323802586,3.1103432225559224,2.7643320901756656,2.764332090175664,2.6853627044107315
1998-01-01,28.63890537850089,28.39422960157498,-0.24467577692590936,1,1998,28.528958647172125,25.645348183104172,-2.883610464067951,29,0.10994673132876542,2.748881418470809,2.638934687142042,2.6389346871420436,2.4543987554887767
1998-02-01,28.581009632051668,28.549311848934185,-0.03169778311748317,2,1998,28.397628123556167,26.362734150725736,-2.0348939728304347,29,0.1833815084955006,2.186577698208449,2.0031961897129515,2.0031961897129484,2.141448419420833
1998-03-01,28.579266891155903,28.82315693621877,0.24389004506286582,3,1998,28.505902064828412,26.97654277974315,-1.5293592850852682,29,0.07336482632749153,1.8466141564756207,1.773249330148134,1.7732493301481291,1.8546450643725914
1998-04-01,28.61852546296746,28.768963637697166,0.1504381747297039,4,1998,28.76753315769216,27.234259200269864,-1.533273957422295,29,-0.14900769472469833,1.5347044374273011,1.683712132151999,1.6837121321519994,1.556459892149116
1998-05-01,28.969925858065487,28.31325109693595,-0.6566747611295369,5,1998,29.001680842735148,26.88192228246395,-2.119758560271202,29,-0.03175498466966076,1.4313288144719998,1.463083799141665,1.4630837991416605,1.10671486263685
1998-06-01,28.842416404454422,26.41075664557476,-2.431659758879661,6,1998,28.95491155394823,26.292777195469522,-2.6621343584787094,29,-0.11249514949380668,0.11797945010523847,0.23047459959904826,0.23047459959904515,0.5396297421760374
1998-07-01,28.72081402283687,25.425504555104492,-3.295309467732377,7,1998,28.791823880710215,25.584080783303573,-3.207743097406643,29,-0.0710098578733458,-0.15857622819908102,-0.08756637032573389,-0.08756637032573522,0.04438759039308284
1998-08-01,28.572935211918864,24.6377305312105,-3.935204680708363,8,1998,28.7117226587842,25.033123888959377,-3.6785987698248257,29,-0.1387874468653365,-0.3953933577488762,-0.25660591088353746,-0.2566059108835397,-0.23175173592410284
1998-09-01,28.701886893704284,24.300252141583503,-4.401634752120781,9,1998,28.809879111961003,24.910017659108487,-3.8998614528525137,30,-0.10799221825671879,-0.6097655175249841,-0.5017732992682675,-0.5017732992682653,-0.3013029750962997
1998-10-01,28.385421516148707,24.18364402805815,-4.201777488090556,10,1998,28.92041281342971,24.935688103711282,-3.984724709718428,30,-0.5349912972810031,-0.7520440756531315,-0.21705277837212833,-0.21705277837212833,-0.2749266325540115
1998-11-01,28.415393317396152,24.354623261548156,-4.060770055847996,11,1998,28.9739795748146,25.013209584956392,-3.960769989858201,30,-0.5585862574184475,-0.6585863234082368,-0.10000006598979505,-0.10000006598978928,-0.2566434218932109
1998-12-01,28.119787092573247,24.139906368291758,-3.9798807242814895,12,1998,28.778553990862857,25.16765573708327,-3.61089825377959,30,-0.6587668982896098,-1.0277493687915111,-0.3689824705018996,-0.36898247050190136,-0.27856891559381386
1999-01-01,27.806002109819033,24.502549892882083,-3.3034522169369502,1,1999,28.528958647172125,25.645348183104172,-2.883610464067951,29,-0.7229565373530917,-1.142798290222089,-0.41984175286899905,-0.4198417528689973,-0.23246881486918242
1999-02-01,27.7578349342164,25.63262209121631,-2.1252128430000923,2,1999,28.397628123556167,26.362734150725736,-2.0348939728304347,29,-0.6397931893397661,-0.7301120595094268,-0.09031887016965756,-0.09031887016966067,-0.08206677085438807
1999-03-01,27.885563773766116,26.72384980973112,-1.1617139640349947,3,1999,28.505902064828412,26.97654277974315,-1.5293592850852682,29,-0.6203382910622963,-0.25269297001202773,0.3676453210502735,0.3676453210502686,0.04334945150153358
1999-04-01,28.072082211571782,26.440854250533537,-1.6312279610382454,4,1999,28.76753315769216,27.234259200269864,-1.533273957422295,29,-0.6954509461203777,-0.7934049497363276,-0.0979540036159503,-0.09795400361594986,0.039105730447028406
1999-05-01,28.43612248450205,26.35063643227398,-2.0854860522280703,5,1999,29.001680842735148,26.88192228246395,-2.119758560271202,29,-0.5655583582330976,-0.5312858501899704,0.034272508043131644,0.0342725080431272,-0.06277987358113624
1999-06-01,28.52475940918888,25.608275213427756,-2.916484195761125,6,1999,28.95491155394823,26.292777195469522,-2.6621343584787094,29,-0.43015214475934727,-0.6845019820417662,-0.2543498372824158,-0.2543498372824189,-0.17192696447290484
1999-07-01,28.264771146820554,24.855845735912574,-3.4089254109079796,7,1999,28.791823880710215,25.584080783303573,-3.207743097406643,29,-0.5270527338896613,-0.7282350473909993,-0.20118231350133664,-0.20118231350133797,-0.29402545789597795
1999-08-01,28.2822242209337,24.156584646554244,-4.125639574379456,8,1999,28.7117226587842,25.033123888959377,-3.6785987698248257,29,-0.42949843785050135,-0.8765392424051335,-0.4470408045546299,-0.44704080455463213,-0.45098706094203805
1999-09-01,28.42403979217484,23.87050151604394,-4.553538276130897,9,1999,28.809879111961003,24.910017659108487,-3.8998614528525137,30,-0.3858393197861645,-1.0395161430645459,-0.6536768232783836,-0.6536768232783814,-0.6264459942881786
1999-10-01,28.580719956739223,23.791240981556435,-4.789478975182789,10,1999,28.92041281342971,24.935688103711282,-3.984724709718428,30,-0.3396928566904869,-1.1444471221548476,-0.8047542654643607,-0.8047542654643607,-0.7821395752416722
1999-11-01,28.50955113444766,23.602704029803157,-4.906847104644502,11,1999,28.9739795748146,25.013209584956392,-3.960769989858201,30,-0.464428440366941,-1.410505555153236,-0.9460771147863007,-0.946077114786295,-0.8926707243623103
1999-12-01,28.280686242189574,23.749432766116044,-4.53125347607353,12,1999,28.778553990862857,25.16765573708327,-3.61089825377959,30,-0.49786774867328276,-1.418222970967225,-0.9203552222939404,-0.9203552222939422,-0.9191273768240937
2000-01-01,28.07025070506283,24.087905294345642,-3.982345410717187,1,2000,28.528958647172125,25.645348183104172,-2.883610464067951,29,-0.4587079421092959,-1.5574428887585299,-1.0987349466492358,-1.098734946649234,-0.7680878047948312
2000-02-01,27.852197464829274,25.408386309056446,-2.4438111557728277,2,2000,28.397628123556167,26.362734150725736,-2.0348939728304347,29,-0.5454306587268931,-0.9543478416692892,-0.408917182942393,-0.4089171829423961,-0.41151314604507805
2000-03-01,27.783897321901065,26.366318496370067,-1.417578825530999,3,2000,28.505902064828412,26.97654277974315,-1.5293592850852682,29,-0.7220047429273464,-0.610224283373082,0.1117804595542693,0.11178045955426441,0.002843806125713666
2000-04-01,28.15384748590408,27.19930319128926,-0.9545442946148199,4,2000,28.76753315769216,27.234259200269864,-1.533273957422295,29,-0.6136856717880796,-0.034956008980604025,0.5787296628074752,0.5787296628074756,0.20638689696916496
2000-05-01,28.375615668706864,26.432158450781138,-1.943457217925726,5,2000,29.001680842735148,26.88192228246395,-2.119758560271202,29,-0.6260651740282839,-0.4497638316828123,0.176301342345476,0.17630134234547157,0.10006377647204978
2000-06-01,28.73021853473521,25.774480065899738,-2.9557384688354738,6,2000,28.95491155394823,26.292777195469522,-2.6621343584787094,29,-0.2246930192130172,-0.5182971295697847,-0.29360411035676437,-0.2936041103567675,-0.1545638596841158
2000-07-01,28.612227404054416,24.932887138024064,-3.6793402660303514,7,2000,28.791823880710215,25.584080783303573,-3.207743097406643,29,-0.17959647665579936,-0.6511936452795091,-0.4715971686237084,-0.4715971686237097,-0.3518892385722212
2000-08-01,28.56174885909624,24.509958030516305,-4.051790828579936,8,2000,28.7117226587842,25.033123888959377,-3.6785987698248257,29,-0.14997379968795954,-0.5231658584430718,-0.3731920587551101,-0.3731920587551123,-0.4203561536888398
2000-09-01,28.891819257340842,24.479762781106654,-4.412056476234188,9,2000,28.809879111961003,24.910017659108487,-3.8998614528525137,30,0.08194014537983918,-0.4302548780018327,-0.5121950233816741,-0.5121950233816719,-0.43978396568831085
2000-10-01,28.73533575339263,24.444086120801476,-4.291249632591153,10,2000,28.92041281342971,24.935688103711282,-3.984724709718428,30,-0.1850770600370808,-0.49160198290980617,-0.30652492287272537,-0.30652492287272537,-0.4589454203272777
2000-11-01,28.88754829442539,24.20889892334137,-4.6786493710840205,11,2000,28.9739795748146,25.013209584956392,-3.960769989858201,30,-0.08643128038920977,-0.8043106616150233,-0.7178793812258193,-0.7178793812258135,-0.4282061485150542
2000-12-01,28.311530266701663,24.482801933063232,-3.8287283336384306,12,2000,28.778553990862857,25.16765573708327,-3.61089825377959,30,-0.4670237241611943,-0.6848538040200367,-0.21783007985884062,-0.2178300798588424,-0.31893401741567756
2001-01-01,28.26374431265194,25.198437622882988,-3.0653066897689527,1,2001,28.528958647172125,25.645348183104172,-2.883610464067951,29,-0.2652143345201843,-0.44691056022118403,-0.18169622570100152,-0.18169622570099975,-0.13863279143234164
2001-02-01,28.054846183883743,26.06931606515373,-1.985530118730015,2,2001,28.397628123556167,26.362734150725736,-2.0348939728304347,29,-0.3427819396724239,-0.2934180855720072,0.04936385410041977,0.04936385410041666,0.027787087359656557
2001-03-01,28.35626951943676,27.11337969846848,-1.24288982096828,3,2001,28.505902064828412,26.97654277974315,-1.5293592850852682,29,-0.1496325453916505,0.13683691872533288,0.28646946411698826,0.2864694641169834,0.0944483329690861
2001-04-01,28.682132404992036,27.18835844409482,-1.4937739608972151,4,2001,28.76753315769216,27.234259200269864,-1.533273957422295,29,-0.08540075270012437,-0.045900756175043966,0.03949999652507996,0.039499996525080405,0.0479118628459293
2001-05-01,28.944342857934036,26.727191110648416,-2.2171517472856195,5,2001,29.001680842735148,26.88192228246395,-2.119758560271202,29,-0.057337984801112185,-0.1547311718155342,-0.09739318701441757,-0.09739318701442201,-0.08886372862602135
2001-06-01,29.039617315113503,26.177832639277494,-2.8617846758360095,6,2001,28.95491155394823,26.292777195469522,-2.6621343584787094,29,0.0847057611652744,-0.11494455619202881,-0.1996503173573001,-0.1996503173573032,-0.2417738003631541
2001-07-01,29.06841933829612,25.377865743814564,-3.690553594481557,7,2001,28.791823880710215,25.584080783303573,-3.207743097406643,29,0.27659545758590554,-0.20621503948900965,-0.48281049707491386,-0.4828104970749152,-0.3935119660874556
2001-08-01,28.840087071801214,24.759915022790654,-4.08017204901056,8,2001,28.7117226587842,25.033123888959377,-3.6785987698248257,29,0.12836441301701385,-0.27320886616872286,-0.4015732791857345,-0.4015732791857367,-0.5537579889479216
2001-09-01,29.23155085775194,24.441851776793136,-4.789699080958805,9,2001,28.809879111961003,24.910017659108487,-3.8998614528525137,30,0.42167174579093825,-0.4681658823153505,-0.889837628106291,-0.8898376281062887,-0.6938557343438421
2001-10-01,29.243013753973077,24.537080986523442,-4.705932767449635,10,2001,28.92041281342971,24.935688103711282,-3.984724709718428,30,0.3226009405433672,-0.39860711718784003,-0.7212080577312072,-0.7212080577312072,-0.7708450617566075
2001-11-01,29.25237935889045,24.375845577157047,-4.876533781733404,11,2001,28.9739795748146,25.013209584956392,-3.960769989858201,30,0.27839978407585164,-0.637364007799345,-0.9157637918752024,-0.9157637918751966,-0.7673437167518856
2001-12-01,28.82699956984705,24.669170345043213,-4.157829224803837,12,2001,28.778553990862857,25.16765573708327,-3.61089825377959,30,0.048445578984193105,-0.49848539204005604,-0.5469309710242474,-0.5469309710242491,-0.7293072807377062
2002-01-01,28.839761825098094,25.105336641880978,-3.734425183217116,1,2002,28.528958647172125,25.645348183104172,-2.883610464067951,29,0.310803177925969,-0.5400115412231941,-0.8508147191491648,-0.8508147191491631,-0.6174390017012439
2002-02-01,28.746448812068753,26.168534945287142,-2.5779138667816106,2,2002,28.397628123556167,26.362734150725736,-2.0348939728304347,29,0.3488206885125855,-0.19419920543859348,-0.5430198939511759,-0.543019893951179,-0.421741738838681
2002-03-01,28.590276755410084,27.24052471330802,-1.3497520421020646,3,2002,28.505902064828412,26.97654277974315,-1.5293592850852682,29,0.08437469058167224,0.263981933564871,0.17960724298320363,0.17960724298319874,-0.24858568883215734
2002-04-01,29.208364871036363,27.34682302287673,-1.8615418481596322,4,2002,28.76753315769216,27.234259200269864,-1.533273957422295,29,0.44083171334420257,0.11256382260686593,-0.3282678907373371,-0.32826789073733664,-0.15519638796846305
2002-05-01,29.602455825668713,27.245918100693512,-2.356537724975201,5,2002,29.001680842735148,26.88192228246395,-2.119758560271202,29,0.6007749829335651,0.3639958182295615,-0.23677916470399918,-0.23677916470400362,-0.11030113022072935
2002-06-01,29.388431857549243,26.891548065511888,-2.496883792037355,6,2002,28.95491155394823,26.292777195469522,-2.6621343584787094,29,0.43352030360101423,0.5987708700423653,0.16525056644135416,0.16525056644135105,-0.05336102615738688
2002-07-01,29.240260840051384,25.96546556871673,-3.2747952713346535,7,2002,28.791823880710215,25.584080783303573,-3.207743097406643,29,0.44843695934116923,0.38138478541315735,-0.06705217392801055,-0.06705217392801188,0.008265449072984654
2002-08-01,29.15555617587955,25.41538473303403,-3.7401714428455186,8,2002,28.7117226587842,25.033123888959377,-3.6785987698248257,29,0.44383351709534935,0.3822608440746542,-0.061572673020692914,-0.061572673020695134,0.08348744305168754
2002-09-01,29.23214206722079,25.62542018339815,-3.6067218838226403,9,2002,28.809879111961003,24.910017659108487,-3.8998614528525137,30,0.42226295525978585,0.7154025242896616,0.2931395690298735,0.2931395690298757,0.23148353447549014
2002-10-01,29.330238813992327,25.75014136122998,-3.580097452762349,10,2002,28.92041281342971,24.935688103711282,-3.984724709718428,30,0.4098260005626173,0.8144532575186965,0.40462725695607915,0.40462725695607915,0.4205426242445784
2002-11-01,29.606317834841988,26.288680404692027,-3.3176374301499614,11,2002,28.9739795748146,25.013209584956392,-3.960769989858201,30,0.6323382600273888,1.2754708197356344,0.6431325597082398,0.6431325597082456,0.5290375762106206
2002-12-01,29.37192139125403,26.441781887391418,-2.9301395038626126,12,2002,28.778553990862857,25.16765573708327,-3.61089825377959,30,0.5933674003911733,1.274126150308149,0.6807587499169774,0.6807587499169756,0.4770174597186707
2003-01-01,29.01717179768488,26.360184419662374,-2.6569873780225066,1,2003,28.528958647172125,25.645348183104172,-2.883610464067951,29,0.48821315051275604,0.7148362365582024,0.22662308604544457,0.22662308604544634,0.2920352987395
2003-02-01,28.79836492299163,26.750751272900203,-2.047613650091428,2,2003,28.397628123556167,26.362734150725736,-2.0348939728304347,29,0.4007367994354638,0.3880171221744675,-0.012719677260993212,-0.01271967726099632,0.04682306174507688
2003-03-01,28.923954744537955,27.345276922468717,-1.5786778220692383,3,2003,28.505902064828412,26.97654277974315,-1.5293592850852682,29,0.4180526797095432,0.36873414272556815,-0.04931853698397015,-0.049318536983975036,-0.2312259204860688
2003-04-01,29.117823253813132,26.98463234927433,-2.1331909045388002,4,2003,28.76753315769216,27.234259200269864,-1.533273957422295,29,0.35029009612097184,-0.24962685099553283,-0.5999169471165051,-0.5999169471165047,-0.5169977771123485
2003-05-01,29.141581043340253,26.055672372259156,-3.0859086710810963,5,2003,29.001680842735148,26.88192228246395,-2.119758560271202,29,0.13990020060510489,-0.826249910204794,-0.9661501108098944,-0.9661501108098989,-0.6821957770022229
2003-06-01,29.262350884407525,25.85503660968924,-3.407314274718285,6,2003,28.95491155394823,26.292777195469522,-2.6621343584787094,29,0.30743933045929595,-0.43774058578028274,-0.7451799162395756,-0.7451799162395787,-0.6010958875878408
2003-07-01,29.10149787848061,25.656615027339083,-3.4448828511415286,7,2003,28.791823880710215,25.584080783303573,-3.207743097406643,29,0.30967399777039617,0.07253424403550923,-0.2371397537348856,-0.23713975373488694,-0.358280296689484
2003-08-01,28.977573244094543,25.276330028924775,-3.701243215169768,8,2003,28.7117226587842,25.033123888959377,-3.6785987698248257,29,0.2658505853103428,0.2432061399653982,-0.022644445344942365,-0.022644445344944586,-0.14347972236008752
2003-09-01,28.997320374974525,25.016277572351193,-3.9810428026233318,9,2003,28.809879111961003,24.910017659108487,-3.8998614528525137,30,0.18744126301352182,0.106259913242706,-0.08118134977081803,-0.08118134977081581,-0.03812371000255003
2003-10-01,29.406230613578124,25.4904702436751,-3.9157603699030226,10,2003,28.92041281342971,24.935688103711282,-3.984724709718428,30,0.48581780014841414,0.5547821399638195,0.0689643398154054,0.0689643398154054,0.021371896155385813
2003-11-01,29.515999627298026,25.520650586815993,-3.995349040482033,11,2003,28.9739795748146,25.013209584956392,-3.960769989858201,30,0.5420200524834264,0.5074410018596005,-0.03457905062383171,-0.034579050623825935,0.09353938514542703
2003-12-01,29.145919974366638,25.885552761718948,-3.26036721264769,12,2003,28.778553990862857,25.16765573708327,-3.61089825377959,30,0.367365983503781,0.7178970246356791,0.3505310411318998,0.35053104113189804,0.1288902254971176
2004-01-01,28.915570490747307,26.11544405784871,-2.8001264328985975,1,2004,28.528958647172125,25.645348183104172,-2.883610464067951,29,0.3866118435751815,0.47009587474453696,0.08348403116935366,0.08348403116935543,0.049940479927326906
2004-02-01,28.763331115764522,26.65731640291993,-2.106014712844594,2,2004,28.397628123556167,26.362734150725736,-2.0348939728304347,29,0.3657029922083552,0.29458225219419276,-0.07112074001415936,-0.07112074001416246,-0.14276626668549247
2004-03-01,28.927572948989063,26.859911445624913,-2.0676615033641497,3,2004,28.505902064828412,26.97654277974315,-1.5293592850852682,29,0.4216708841606511,-0.11663133411823523,-0.5383022182788815,-0.5383022182788864,-0.34272370717535044
2004-04-01,29.116891482770427,27.168828805375544,-1.9480626773948835,4,2004,28.76753315769216,27.234259200269864,-1.533273957422295,29,0.34935832507826703,-0.0654303948943209,-0.41478871997258837,-0.4147887199725879,-0.4430910378269142
2004-05-01,29.24281663805297,26.53782681358398,-2.704989824468992,5,2004,29.001680842735148,26.88192228246395,-2.119758560271202,29,0.24113579531782392,-0.34409546887997067,-0.5852312641977901,-0.5852312641977946,-0.40628861174929265
2004-06-01,29.05188056488308,26.17352981981593,-2.878350745067152,6,2004,28.95491155394823,26.292777195469522,-2.6621343584787094,29,0.09696901093485266,-0.11924737565359322,-0.21621638658844278,-0.21621638658844589,-0.28292690635553625
2004-07-01,29.029247820726997,25.718283977081978,-3.3109638436450197,7,2004,28.791823880710215,25.584080783303573,-3.207743097406643,29,0.23742394001678235,0.13420319377840428,-0.10322074623837674,-0.10322074623837807,-0.15355057265840175
2004-08-01,28.912688804575954,25.183977456119553,-3.7287113484564003,8,2004,28.7117226587842,25.033123888959377,-3.6785987698248257,29,0.2009661457917531,0.15085356716017628,-0.05011257863157459,-0.05011257863157681,-0.06586695499776991
2004-09-01,29.133505591558414,25.18813841161643,-3.945367179941986,9,2004,28.809879111961003,24.910017659108487,-3.8998614528525137,30,0.32362647959741153,0.27812075250794166,-0.04550572708947209,-0.04550572708946987,-0.006204270553335575
2004-10-01,29.3805830226972,25.46830097410382,-3.9122820485933794,10,2004,28.92041281342971,24.935688103711282,-3.984724709718428,30,0.4601702092674884,0.532612870392537,0.0724426611250486,0.0724426611250486,0.038953019073625104
2004-11-01,29.539242567554844,25.72227473817246,-3.816967829382385,11,2004,28.9739795748146,25.013209584956392,-3.960769989858201,30,0.5652629927402444,0.7090651532160663,0.14380216047581618,0.14380216047582195,0.00863890637067781
2004-12-01,29.425583894868193,25.747574503944453,-3.678009390923741,12,2004,28.778553990862857,25.16765573708327,-3.61089825377959,30,0.6470299040053362,0.5799187668611836,-0.06711113714415085,-0.06711113714415262,-0.1503179827924253
2005-01-01,29.286203967553476,25.960562893177173,-3.3256410743763034,1,2005,28.528958647172125,25.645348183104172,-2.883610464067951,29,0.757245320381351,0.3152147100730005,-0.4420306103083522,-0.44203061030835045,-0.3887898074808846
2005-02-01,28.8733556356353,26.125333106244923,-2.7480225293903757,2,2005,28.397628123556167,26.362734150725736,-2.0348939728304347,29,0.475727512079132,-0.23740104448081212,-0.713128556559941,-0.7131285565599441,-0.5421550531354282
2005-03-01,29.013056345149614,26.7832587321636,-2.2297976129860153,3,2005,28.505902064828412,26.97654277974315,-1.5293592850852682,29,0.5071542803212026,-0.19328404757954942,-0.7004383279007471,-0.700438327900752,-0.4764607031114451
2005-04-01,29.07866740105228,27.386564984016058,-1.6921024170362209,4,2005,28.76753315769216,27.234259200269864,-1.533273957422295,29,0.31113424336011875,0.1523057837461934,-0.15882845961392578,-0.15882845961392533,-0.25976520378040685
2005-05-01,29.20698072069656,27.229348693520958,-1.977632027175602,5,2005,29.001680842735148,26.88192228246395,-2.119758560271202,29,0.20529987796141214,0.34742641105700756,0.14212653309559986,0.14212653309559542,-0.08380068584336738
2005-06-01,29.281752255577054,26.52581323116455,-2.7559390244125055,6,2005,28.95491155394823,26.292777195469522,-2.6621343584787094,29,0.32684070162882506,0.23303603569502584,-0.0938046659337961,-0.09380466593379921,-0.04045771112512352
2005-07-01,29.13200692971822,25.80848717435268,-3.3235197553655382,7,2005,28.791823880710215,25.584080783303573,-3.207743097406643,29,0.34018304900800445,0.22440639104910787,-0.11577665795889525,-0.11577665795889658,-0.08879447643898856
2005-08-01,28.972451723954666,25.263357918567355,-3.7090938053873117,8,2005,28.7117226587842,25.033123888959377,-3.6785987698248257,29,0.2607290651704659,0.23023402960797767,-0.030495035562486006,-0.030495035562488226,-0.18863221612432457
2005-09-01,28.985241979752644,24.713726012861095,-4.271515966891549,9,2005,28.809879111961003,24.910017659108487,-3.8998614528525137,30,0.175362867791641,-0.19629164624739204,-0.37165451403903527,-0.37165451403903305,-0.3638194500141551
2005-10-01,29.25200268704912,24.68176970801633,-4.570232979032792,10,2005,28.92041281342971,24.935688103711282,-3.984724709718428,30,0.3315898736194107,-0.2539183956949529,-0.5855082693143636,-0.5855082693143636,-0.6116804975983448
2005-11-01,29.07692759965773,24.20072883837525,-4.8761987612824775,11,2005,28.9739795748146,25.013209584956392,-3.960769989858201,30,0.10294802484312982,-0.8124807465811408,-0.9154287714242764,-0.9154287714242706,-0.8121832204948191
2005-12-01,28.873033723516457,24.155747467766606,-4.717286255749851,12,2005,28.778553990862857,25.16765573708327,-3.61089825377959,30,0.09447973265359977,-1.0119082693166632,-1.1063880019702612,-1.106388001970263,-0.8036502963917209
2006-01-01,28.449730862198884,24.92898016578312,-3.5207506964157638,1,2006,28.528958647172125,25.645348183104172,-2.883610464067951,29,-0.07922778497324146,-0.7163680173210523,-0.6371402323478126,-0.6371402323478108,-0.5992008930359299
2006-02-01,28.20822743457156,26.198297193552147,-2.0099302410194113,2,2006,28.397628123556167,26.362734150725736,-2.0348939728304347,29,-0.18940068898460893,-0.16443695717358864,0.024963731811023404,0.024963731811020295,-0.3821743463177536
2006-03-01,28.50002972351406,26.488522233290873,-2.011507490223188,3,2006,28.505902064828412,26.97654277974315,-1.5293592850852682,29,-0.005872341314351104,-0.488020546452276,-0.48214820513792,-0.4821482051379249,-0.270169203569049
2006-04-01,28.682727340566316,26.927759614514343,-1.754967726051973,4,2006,28.76753315769216,27.234259200269864,-1.533273957422295,29,-0.08480581712584367,-0.30649958575552105,-0.22169376862967782,-0.22169376862967738,-0.22970674830112878
2006-05-01,29.114350955710563,26.90848511596623,-2.205865839744334,5,2006,29.001680842735148,26.88192228246395,-2.119758560271202,29,0.11267011297541529,0.02656283350227895,-0.0861072794731319,-0.08610727947313634,-0.18271512794743125
2006-06-01,29.319884840085024,26.467847298533613,-2.852037541551411,6,2006,28.95491155394823,26.292777195469522,-2.6621343584787094,29,0.36497328613679514,0.17507010306409043,-0.1899031830727016,-0.1899031830727047,-0.11921266886631654
2006-07-01,29.09256814141249,25.753611686774256,-3.3389564546382324,7,2006,28.791823880710215,25.584080783303573,-3.207743097406643,29,0.3007442607022739,0.16953090347068311,-0.13121335723158944,-0.13121335723159078,-0.008677168942103575
2006-08-01,29.022703544148815,25.54682115896284,-3.475882385185976,8,2006,28.7117226587842,25.033123888959377,-3.6785987698248257,29,0.3109808853646143,0.5136972700034619,0.20271638463884978,0.20271638463884756,0.185658259164351
2006-09-01,29.204980735231143,25.77351435877443,-3.4314663764567115,9,2006,28.809879111961003,24.910017659108487,-3.8998614528525137,30,0.39510162327013987,0.8634966996659443,0.46839507639580225,0.46839507639580447,0.37988297879924343
2006-10-01,29.29811146825261,25.90877835553106,-3.389333112721552,10,2006,28.92041281342971,24.935688103711282,-3.984724709718428,30,0.37769865482290044,0.9730902518197766,0.5953915969968762,0.5953915969968762,0.4716828436119461
2006-11-01,29.599412213195585,26.060547075669508,-3.538865137526077,11,2006,28.9739795748146,25.013209584956392,-3.960769989858201,30,0.6254326383809854,1.0473374907131152,0.42190485233212405,0.4219048523321298,0.4534682108556937
2006-12-01,29.572391288479217,26.366504599232847,-3.2058866892463698,12,2006,28.778553990862857,25.16765573708327,-3.61089825377959,30,0.7938372976163599,1.1988488621495783,0.4050115645332202,0.4050115645332184,0.3358470099369453
2007-01-01,29.204989264589482,26.60577336047527,-2.5992159041142138,1,2007,28.528958647172125,25.645348183104172,-2.883610464067951,29,0.6760306174173571,0.9604251773710963,0.2843945599537374,0.2843945599537392,0.09133595227988449
2007-02-01,28.88005569784696,26.540989752272527,-2.3390659455744327,2,2007,28.397628123556167,26.362734150725736,-2.0348939728304347,29,0.4824275742907922,0.1782556015467911,-0.304171972743998,-0.3041719727440011,-0.22936906322750414
2007-03-01,28.90951809498275,26.614188369741356,-2.2953297252413947,3,2007,28.505902064828412,26.97654277974315,-1.5293592850852682,29,0.403616030154339,-0.36235441000179236,-0.7659704401561265,-0.7659704401561314,-0.49690918212062707
2007-04-01,29.076675644780064,27.047376895677658,-2.0292987491024057,4,2007,28.76753315769216,27.234259200269864,-1.533273957422295,29,0.3091424870879038,-0.18688230459220634,-0.4960247916801106,-0.49602479168011016,-0.6201001302673023
2007-05-01,29.106186552441695,26.203595300666063,-2.9025912517756325,5,2007,29.001680842735148,26.88192228246395,-2.119758560271202,29,0.10450570970654738,-0.6783269817978876,-0.7828326915044306,-0.782832691504435,-0.6193174203537607
2007-06-01,29.141012903396394,25.97235751615617,-3.168655387240225,6,2007,28.95491155394823,26.292777195469522,-2.6621343584787094,29,0.18610134944816537,-0.32041967931335336,-0.5065210287615156,-0.5065210287615187,-0.6177786721263905
2007-07-01,28.82921433284548,25.094600858692438,-3.7346134741530435,7,2007,28.791823880710215,25.584080783303573,-3.207743097406643,29,0.03739045213526637,-0.48947992461113543,-0.5268703767464005,-0.5268703767464018,-0.6820358220019558
2007-08-01,28.78455153962797,24.143826815765124,-4.640724723862846,8,2007,28.7117226587842,25.033123888959377,-3.6785987698248257,29,0.07282888084376893,-0.8892970731942533,-0.96212595403802,-0.9621259540380223,-0.8121416395144763
2007-09-01,28.766090983531168,23.978054813543825,-4.788036169987343,9,2007,28.809879111961003,24.910017659108487,-3.8998614528525137,30,-0.04378812842983493,-0.9319628455646622,-0.8881747171348295,-0.8881747171348273,-0.9480239503954677
2007-10-01,28.89368790571202,23.763423648377163,-5.130264257334858,10,2007,28.92041281342971,24.935688103711282,-3.984724709718428,30,-0.026724907717689206,-1.172264455334119,-1.1455395476164298,-1.1455395476164298,-1.0089055762869814
2007-11-01,28.549261186507472,23.614769542152725,-4.934491644354747,11,2007,28.9739795748146,25.013209584956392,-3.960769989858201,30,-0.42471838830712727,-1.3984400428036672,-0.9737216544965457,-0.9737216544965399,-0.9773004431018315
2007-12-01,28.487694535738385,23.899902625912883,-4.587791909825501,12,2007,28.778553990862857,25.16765573708327,-3.61089825377959,30,-0.29085945512447253,-1.2677531111703857,-0.9768936560459114,-0.9768936560459132,-0.8356395588148359
2008-01-01,27.89768446642004,24.436829631238144,-3.4608548351818946,1,2008,28.528958647172125,25.645348183104172,-2.883610464067951,29,-0.6312741807520865,-1.2085185518660282,-0.5772443711139434,-0.5772443711139417,-0.577092384020982
2008-02-01,27.814487415563786,25.457930985586863,-2.356556429976923,2,2008,28.397628123556167,26.362734150725736,-2.0348939728304347,29,-0.5831407079923814,-0.9048031651388726,-0.3216624571464881,-0.3216624571464912,-0.23313268385435082
2008-03-01,28.04446811962624,26.768367704818708,-1.2761004148075337,3,2008,28.505902064828412,26.97654277974315,-1.5293592850852682,29,-0.4614339452021703,-0.20817507492444065,0.2532588702777345,0.25325887027772964,0.11758885547807743
2008-04-01,28.317312364456743,27.22194618792273,-1.0953661765340144,4,2008,28.76753315769216,27.234259200269864,-1.533273957422295,29,-0.45022079323541675,-0.012313012347135555,0.43790778088828075,0.4379077808882812,0.3929136478816291
2008-05-01,28.512035613850475,27.01881623809383,-1.4932193757566452,5,2008,29.001680842735148,26.88192228246395,-2.119758560271202,29,-0.48964522888467243,0.13689395562987983,0.6265391845145567,0.6265391845145523,0.5633192725515995
2008-06-01,28.440103083666074,26.423569668983404,-2.0165334146826694,6,2008,28.95491155394823,26.292777195469522,-2.6621343584787094,29,-0.5148084702821549,0.1307924735138819,0.6456009437960399,0.6456009437960368,0.6664867268724992
2008-07-01,28.493198909402402,26.03534530022603,-2.4578536091763716,7,2008,28.791823880710215,25.584080783303573,-3.207743097406643,29,-0.29862497130781307,0.45126451692245695,0.7498894882302714,0.74988948823027,0.7196871240729877
2008-08-01,28.544798927798155,25.714443306136396,-2.8303556216617594,8,2008,28.7117226587842,25.033123888959377,-3.6785987698248257,29,-0.16692373098604563,0.6813194171770185,0.8482431481630663,0.8482431481630641,0.6825606374145777
2008-09-01,28.68232997925013,25.31108460196051,-3.371245377289622,9,2008,28.809879111961003,24.910017659108487,-3.8998614528525137,30,-0.12754913271087176,0.4010669428520224,0.5286160755628919,0.5286160755628941,0.5440638304153387
2008-10-01,28.950918694644322,25.282831406073033,-3.6680872885712894,10,2008,28.92041281342971,24.935688103711282,-3.984724709718428,30,0.030505881214612174,0.3471433023617507,0.31663742114713855,0.31663742114713855,0.3161716533696104
2008-11-01,28.890469100758576,25.099469577471986,-3.7909995232865903,11,2008,28.9739795748146,25.013209584956392,-3.960769989858201,30,-0.0835104740560233,0.08625999251559335,0.16977046657161088,0.16977046657161665,0.05445947665246608
2008-12-01,28.62239895576899,24.595608083269596,-4.026790872499394,12,2008,28.778553990862857,25.16765573708327,-3.61089825377959,30,-0.1561550350938674,-0.572047653813673,-0.41589261871980376,-0.41589261871980554,-0.1610292724995097
2009-01-01,28.453896260905523,25.313867167535825,-3.140029093369698,1,2009,28.528958647172125,25.645348183104172,-2.883610464067951,29,-0.07506238626660178,-0.33148101556834675,-0.25641862930174675,-0.25641862930174497,-0.30431802174892925
2009-02-01,28.278719294742714,25.918351593840647,-2.360367700902067,2,2009,28.397628123556167,26.362734150725736,-2.0348939728304347,29,-0.11890882881345277,-0.4443825568850883,-0.32547372807163244,-0.32547372807163555,-0.351211869532139
2009-03-01,28.427876936248047,26.326704481185313,-2.101172455062734,3,2009,28.505902064828412,26.97654277974315,-1.5293592850852682,29,-0.07802512858036437,-0.6498382985578353,-0.571813169977466,-0.5718131699774709,-0.2780669168723985
2009-04-01,28.86627515585975,27.320941692895758,-1.5453334629639919,4,2009,28.76753315769216,27.234259200269864,-1.533273957422295,29,0.09874199816758988,0.08668249262589356,-0.012059505541696769,-0.012059505541696325,-0.07435484793981746
2009-05-01,29.291065602281545,27.39077504959316,-1.9002905526883858,5,2009,29.001680842735148,26.88192228246395,-2.119758560271202,29,0.2893847595463974,0.5088527671292091,0.21946800758281615,0.2194680075828117,0.21017608216925243
2009-06-01,29.246441969268016,27.122796672933866,-2.12364529633415,6,2009,28.95491155394823,26.292777195469522,-2.6621343584787094,29,0.2915304153197873,0.8300194774643437,0.5384890621445595,0.5384890621445564,0.4277011509610882
2009-07-01,29.114552897881367,26.543575256343367,-2.5709776415380006,7,2009,28.791823880710215,25.584080783303573,-3.207743097406643,29,0.3227290171711523,0.9594944730397934,0.6367654558686424,0.6367654558686411,0.5072162875055551
2009-08-01,29.220533050737366,25.963750959054682,-3.256782091682684,8,2009,28.7117226587842,25.033123888959377,-3.6785987698248257,29,0.5088103919531655,0.930627070095305,0.42181667814214174,0.4218166781421395,0.4720087009975793
2009-09-01,29.197152375768713,25.736439321065372,-3.4607130547033407,9,2009,28.809879111961003,24.910017659108487,-3.8998614528525137,30,0.3872732638077103,0.8264216619568856,0.43914839814917306,0.4391483981491753,0.38697158777700835
2009-10-01,29.540577437153626,25.766459802639577,-3.774117634514049,10,2009,28.92041281342971,24.935688103711282,-3.984724709718428,30,0.620164623723916,0.8307716989282952,0.21060707520437916,0.21060707520437916,0.36179128713602104
2009-11-01,29.790614903662902,26.182873658623905,-3.607741245038998,11,2009,28.9739795748146,25.013209584956392,-3.960769989858201,30,0.816635328848303,1.1696640736675121,0.3530287448192033,0.3530287448192091,0.40893174948079375
2009-12-01,29.496321131657112,26.586141915644987,-2.910179216012125,12,2009,28.778553990862857,25.16765573708327,-3.61089825377959,30,0.7177671407942547,1.418486178561718,0.700719037767465,0.7007190377674632,0.43544436438489104
2010-01-01,29.274240812215204,26.71256962557526,-2.561671186639945,1,2010,28.528958647172125,25.645348183104172,-2.883610464067951,29,0.7452821650430792,1.0672214424710873,0.3219392774280063,0.3219392774280081,0.37803590581413055
2010-02-01,28.986355914862045,27.138407021634436,-1.8479488932276098,2,2010,28.397628123556167,26.362734150725736,-2.0348939728304347,29,0.5887277913058782,0.7756728709087,0.18694507960282492,0.1869450796028218,0.26832283155768843
2010-03-01,29.172546778616233,27.875840156658434,-1.2967066219577994,3,2010,28.505902064828412,26.97654277974315,-1.5293592850852682,29,0.6666447137878215,0.8992973769152854,0.2326526631274688,0.2326526631274639,0.15437007567987004
2010-04-01,29.487368343804015,28.06169318722879,-1.425675156575224,4,2010,28.76753315769216,27.234259200269864,-1.533273957422295,29,0.7198351861118546,0.8274339869589262,0.10759880084707119,0.10759880084707163,-0.007577465993451882
2010-05-01,29.453561032994134,27.050061809593803,-2.403499223400331,5,2010,29.001680842735148,26.88192228246395,-2.119758560271202,29,0.4518801902589864,0.1681395271298527,-0.28374066312912927,-0.2837406631291337,-0.2460382181419405
2010-06-01,29.213385352415482,25.996245119029222,-3.21714023338626,6,2010,28.95491155394823,26.292777195469522,-2.6621343584787094,29,0.2584737984672536,-0.29653207644030033,-0.5550058749075508,-0.5550058749075539,-0.46808322337855335
2010-07-01,28.811593059102012,24.89592255556257,-3.9156705035394417,7,2010,28.791823880710215,25.584080783303573,-3.207743097406643,29,0.01976917839179748,-0.6881582277410025,-0.7079274061327987,-0.7079274061328,-0.5570060093987017
2010-08-01,28.365172837278763,24.157004293480213,-4.20816854379855,8,2010,28.7117226587842,25.033123888959377,-3.6785987698248257,29,-0.34654982150543745,-0.8761195954791638,-0.5295697739737242,-0.5295697739737264,-0.5396815054366753
2010-09-01,28.15836361412224,23.943607282789454,-4.2147563313327865,9,2010,28.809879111961003,24.910017659108487,-3.8998614528525137,30,-0.6515154978387621,-0.9664103763190326,-0.31489487848027276,-0.31489487848027053,-0.5264025398805231
2010-10-01,28.370377921071817,23.651226970754948,-4.71915095031687,10,2010,28.92041281342971,24.935688103711282,-3.984724709718428,30,-0.5500348923578926,-1.2844611329563342,-0.7344262405984416,-0.7344262405984416,-0.57124941606218
2010-11-01,28.41818298299693,23.90007747834284,-4.518105504654091,11,2010,28.9739795748146,25.013209584956392,-3.960769989858201,30,-0.5557965918176677,-1.113132106613552,-0.55733551479589,-0.5573355147958843,-0.6591031481483626
2010-12-01,28.373007619650807,23.991082289321035,-4.381925330329771,12,2010,28.778553990862857,25.16765573708327,-3.61089825377959,30,-0.4055463712120506,-1.1765734477622338,-0.7710270765501814,-0.7710270765501832,-0.7065037570931781
2011-01-01,28.21309027153603,24.480838918797428,-3.7322513527386008,1,2011,28.528958647172125,25.645348183104172,-2.883610464067951,29,-0.3158683756360965,-1.1645092643067443,-0.8486408886706496,-0.8486408886706478,-0.6844330736325451
2011-02-01,28.168110186267423,25.691634885517637,-2.4764753007497866,2,2011,28.397628123556167,26.362734150725736,-2.0348939728304347,29,-0.22951793728874392,-0.6710992652080989,-0.4415813279193519,-0.441581327919355,-0.5751240285683357
2011-03-01,28.524360728853818,26.371528843065096,-2.1528318857887214,3,2011,28.505902064828412,26.97654277974315,-1.5293592850852682,29,0.01845866402540608,-0.605013936678052,-0.6234726007034532,-0.6234726007034581,-0.37338747235997277
2011-04-01,28.58191439385161,27.100844949959182,-1.4810694438924266,4,2011,28.76753315769216,27.234259200269864,-1.533273957422295,29,-0.18561876384055154,-0.13341425031068255,0.052204513529868546,0.05220451352986899,-0.1387791819370051
2011-05-01,28.911835120629267,26.822088626691304,-2.0897464939379624,5,2011,29.001680842735148,26.88192228246395,-2.119758560271202,29,-0.08984572210588126,-0.05983365577264621,0.030012066333239495,0.030012066333235055,0.08988389881027044
2011-06-01,28.835420898873707,26.521081234061455,-2.314339664812252,6,2011,28.95491155394823,26.292777195469522,-2.6621343584787094,29,-0.11949065507452161,0.22830403859193282,0.34779469366645754,0.34779469366645444,0.2147161324649123
2011-07-01,28.62731422032903,25.80160462242715,-2.8257095979018807,7,2011,28.791823880710215,25.584080783303573,-3.207743097406643,29,-0.16450966038118509,0.21752383912357587,0.3820334995047623,0.38203349950476095,0.16733693506381764
2011-08-01,28.613688044746898,24.832162878791316,-3.781525165955582,8,2011,28.7117226587842,25.033123888959377,-3.6785987698248257,29,-0.09803461403730296,-0.20096101016806145,-0.10292639613075627,-0.10292639613075849,-0.010085624496669127
2011-09-01,28.593735631919785,24.40916644287369,-4.184569189046094,9,2011,28.809879111961003,24.910017659108487,-3.8998614528525137,30,-0.21614348004121808,-0.5008512162347962,-0.28470773619358036,-0.28470773619357814,-0.22888973181453218
2011-10-01,28.652344358418446,24.31852575566301,-4.333818602755436,10,2011,28.92041281342971,24.935688103711282,-3.984724709718428,30,-0.26806845501126375,-0.6171623480482715,-0.3490938930370078,-0.3490938930370078,-0.3994066303450095
2011-11-01,28.754376451850092,24.159787992990356,-4.594588458859736,11,2011,28.9739795748146,25.013209584956392,-3.960769989858201,30,-0.21960312296450724,-0.8534215919660362,-0.6338184690015347,-0.6338184690015289,-0.4821321343804321
2011-12-01,28.456493529214615,24.307596295159044,-4.148897234055571,12,2011,28.778553990862857,25.16765573708327,-3.61089825377959,30,-0.32206046164824187,-0.8600594419242249,-0.5379989802759813,-0.537998980275983,-0.4475939500515911
2012-01-01,28.27103042001014,25.083094575515688,-3.1879358444944508,1,2012,28.528958647172125,25.645348183104172,-2.883610464067951,29,-0.2579282271619867,-0.5622536075884845,-0.3043253804264996,-0.3043253804264978,-0.2856123930013652
2012-02-01,28.265408008178937,26.174907997154445,-2.090500011024492,2,2012,28.397628123556167,26.362734150725736,-2.0348939728304347,29,-0.13222011537722977,-0.18782615357129018,-0.055606038194057295,-0.0556060381940604,-0.06539548238407411
2012-03-01,28.28344690100528,26.95867394602128,-1.3247729549840024,3,2012,28.505902064828412,26.97654277974315,-1.5293592850852682,29,-0.22245516382313113,-0.017868833721870203,0.2045863301012658,0.20458633010126093,0.12433534776106543
2012-04-01,28.67475020042346,27.416370738420188,-1.2583794620032727,4,2012,28.76753315769216,27.234259200269864,-1.533273957422295,29,-0.09278295726869956,0.18211153815032333,0.27489449541902244,0.2748944954190229,0.2944073861027358
2012-05-01,28.971853869273616,27.17223417048174,-1.7996196987918758,5,2012,29.001680842735148,26.88192228246395,-2.119758560271202,29,-0.029826973461531736,0.29031188801778995,0.32013886147932613,0.3201388614793217,0.47665658480433903
2012-06-01,28.81903970274315,27.071646459273463,-1.7473932434696877,6,2012,28.95491155394823,26.292777195469522,-2.6621343584787094,29,-0.13587185120507783,0.7788692638039407,0.9147411150090217,0.9147411150090186,0.6242602540082791
2012-07-01,28.750299548715088,26.20838686165781,-2.541912687057277,7,2012,28.791823880710215,25.584080783303573,-3.207743097406643,29,-0.041524331995127284,0.6243060783542376,0.6658304103493662,0.6658304103493649,0.649978451749162
2012-08-01,28.80217269185541,25.72293019918875,-3.079242492666662,8,2012,28.7117226587842,25.033123888959377,-3.6785987698248257,29,0.09045003307121036,0.6898063102293719,0.5993562771581638,0.5993562771581615,0.4898373630794925
2012-09-01,28.94706911063324,25.321196399392324,-3.625872711240916,9,2012,28.809879111961003,24.910017659108487,-3.8998614528525137,30,0.13718999867223758,0.4111787402838374,0.2739887416115976,0.2739887416115998,0.23060265015461215
2012-10-01,29.249907995267492,25.011607962978406,-4.238300032289086,10,2012,28.92041281342971,24.935688103711282,-3.984724709718428,30,0.3294951818377818,0.07591985926712397,-0.25357532257065785,-0.25357532257065785,-0.04289722733980579
2012-11-01,29.367299099107722,25.374632670546593,-3.9926664285611295,11,2012,28.9739795748146,25.013209584956392,-3.960769989858201,30,0.39331952429312267,0.3614230855902001,-0.031896438702928354,-0.03189643870292258,-0.3209731281324316
2012-12-01,29.038570025510968,24.601573148052168,-4.4369968774588,12,2012,28.778553990862857,25.16765573708327,-3.61089825377959,30,0.2600160346481104,-0.566082589031101,-0.8260986236792096,-0.8260986236792114,-0.5690374736936372
2013-01-01,28.7391414943079,25.09647234460049,-3.6426691497074124,1,2013,28.528958647172125,25.645348183104172,-2.883610464067951,29,0.21018284713577629,-0.5488758385036832,-0.7590586856394612,-0.7590586856394594,-0.6795727956870994
2013-02-01,28.802087105802396,25.86957863896298,-2.9325084668394155,2,2013,28.397628123556167,26.362734150725736,-2.0348939728304347,29,0.4044589822462292,-0.49315551176275463,-0.8976144940089807,-0.8976144940089839,-0.5428274841733626
2013-03-01,28.50663868215622,27.061676383151102,-1.444962299005116,3,2013,28.505902064828412,26.97654277974315,-1.5293592850852682,29,0.0007366173278064991,0.08513360340795373,0.08439698608015211,0.08439698608014723,-0.33604462678525754
2013-04-01,28.945270931943057,27.33860886283347,-1.6066620691095856,4,2013,28.76753315769216,27.234259200269864,-1.533273957422295,29,0.17773777425089676,0.10434966256360667,-0.07338811168729054,-0.07338811168729009,-0.3246505128478667
2013-05-01,29.10740304965334,26.289587526366713,-2.817815523286626,5,2013,29.001680842735148,26.88192228246395,-2.119758560271202,29,0.10572220691819112,-0.5923347560972374,-0.6980569630154241,-0.6980569630154285,-0.522701445935315
2013-06-01,29.12968498979963,25.60389134871048,-3.5257936410891517,6,2013,28.95491155394823,26.292777195469522,-2.6621343584787094,29,0.17477343585140304,-0.6888858467590424,-0.8636592826104423,-0.8636592826104454,-0.7240384535007124
2013-07-01,29.05913712987386,25.09794973011818,-3.96118739975568,7,2013,28.791823880710215,25.584080783303573,-3.207743097406643,29,0.26731324916364585,-0.4861310531853924,-0.7534443023490369,-0.7534443023490383,-0.7605476560944952
2013-08-01,28.880005599872725,24.395474426261792,-4.484531173610932,8,2013,28.7117226587842,25.033123888959377,-3.6785987698248257,29,0.16828294108852404,-0.6376494626975848,-0.8059324037861066,-0.8059324037861089,-0.6564006870878862
2013-09-01,29.15043920826033,24.844615113875093,-4.305824094385237,9,2013,28.809879111961003,24.910017659108487,-3.8998614528525137,30,0.3405600962993276,-0.06540254523339328,-0.4059626415327231,-0.4059626415327209,-0.5157770901665055
2013-10-01,29.26045018550469,24.964526960131778,-4.295923225372913,10,2013,28.92041281342971,24.935688103711282,-3.984724709718428,30,0.3400373720749812,0.028838856420495773,-0.3111985156544854,-0.3111985156544854,-0.39956948681211635
2013-11-01,29.377009536255525,24.955602091200962,-4.421407445054562,11,2013,28.9739795748146,25.013209584956392,-3.960769989858201,30,0.4030299614409252,-0.057607493755430283,-0.46063745519636123,-0.46063745519635546,-0.33055612091296843
2013-12-01,29.049395146477558,25.294189807543873,-3.755205338933685,12,2013,28.778553990862857,25.16765573708327,-3.61089825377959,30,0.27084115561470057,0.12653407046060394,-0.14430708515409485,-0.14430708515409663,-0.35694183361608917
2014-01-01,28.756883596488095,25.52162894620843,-3.235254650279664,1,2014,28.528958647172125,25.645348183104172,-2.883610464067951,29,0.22792494931596963,-0.1237192368957416,-0.351644186211713,-0.35164418621171123,-0.4601614861703475
2014-02-01,28.654667520292833,25.661743324564416,-2.992924195728417,2,2014,28.397628123556167,26.362734150725736,-2.0348939728304347,29,0.25703939673666554,-0.7009908261613198,-0.9580302228979822,-0.9580302228979853,-0.5178982743525234
2014-03-01,28.84433665899803,26.967265664068037,-1.8770709949299942,3,2014,28.505902064828412,26.97654277974315,-1.5293592850852682,29,0.33843459416961963,-0.009277115675111247,-0.347711709844726,-0.3477117098447309,-0.40247311261719004
2014-04-01,29.240533902122785,27.56697631738555,-1.6735575847372353,4,2014,28.76753315769216,27.234259200269864,-1.533273957422295,29,0.47300074443062456,0.33271711711568486,-0.14028362731494015,-0.1402836273149397,-0.10461557679080696
2014-05-01,29.622523057080766,27.710519721632668,-1.912003335448098,5,2014,29.001680842735148,26.88192228246395,-2.119758560271202,29,0.6208422143456183,0.8285974391687176,0.20775522482310382,0.20775522482309938,0.2136464363778264
2014-06-01,29.448907678386654,27.47042058564087,-1.9784870927457838,6,2014,28.95491155394823,26.292777195469522,-2.6621343584787094,29,0.493996124438425,1.1776433901713474,0.6836472657329256,0.6836472657329224,0.37911540566375407
2014-07-01,29.059955110590355,26.302569145015983,-2.7573859655743718,7,2014,28.791823880710215,25.584080783303573,-3.207743097406643,29,0.26813122988014015,0.71848836171241,0.4503571318322712,0.4503571318322699,0.3244049501151856
2014-08-01,29.18589992292627,25.488043515483607,-3.6978564074426643,8,2014,28.7117226587842,25.033123888959377,-3.6785987698248257,29,0.47417726414207095,0.4549196265242301,-0.019257637617838608,-0.019257637617840828,0.15153775347289872
2014-09-01,29.34502543116507,25.335670743197333,-4.009354687967736,9,2014,28.809879111961003,24.910017659108487,-3.8998614528525137,30,0.5351463192040669,0.4256530840888466,-0.10949323511522246,-0.10949323511522024,0.06764424151435215
2014-10-01,29.437712054545003,25.642231981088642,-3.7954800734563605,10,2014,28.92041281342971,24.935688103711282,-3.984724709718428,30,0.5172992411152926,0.70654387737736,0.18924463626206744,0.18924463626206744,0.10385773280807709
2014-11-01,29.683340681796043,26.011956402806,-3.6713842789900433,11,2014,28.9739795748146,25.013209584956392,-3.960769989858201,30,0.7093611069814436,0.9987468178496073,0.2893857108681579,0.28938571086816367,0.10921655186773072
2014-12-01,29.571273455735376,25.929269660963474,-3.6420037947719024,12,2014,28.778553990862857,25.16765573708327,-3.61089825377959,30,0.7927194648725191,0.7616139238802049,-0.03110554099231244,-0.031105540992314218,-0.018300974318720353
2015-01-01,29.29337314289875,26.197894407076895,-3.0954787358218567,1,2015,28.528958647172125,25.645348183104172,-2.883610464067951,29,0.7644144957266263,0.5525462239727226,-0.21186827175390555,-0.21186827175390377,-0.22293027787935232
2015-02-01,29.23385115941557,26.681970705124915,-2.5518804542906537,2,2015,28.397628123556167,26.362734150725736,-2.0348939728304347,29,0.8362230358594012,0.3192365543991791,-0.516986481460219,-0.5169864814602221,-0.3436441697506551
2015-03-01,29.203829928431308,27.20167075229887,-2.0021591761324373,3,2015,28.505902064828412,26.97654277974315,-1.5293592850852682,29,0.6979278636028958,0.2251279725557218,-0.47279989104716913,-0.472799891047174,-0.2648660411624353
2015-04-01,29.729224882905033,28.22527684371129,-1.5039480391937445,4,2015,28.76753315769216,27.234259200269864,-1.533273957422295,29,0.9616917252128729,0.991017643441424,0.029325918228550574,0.029325918228551018,0.01862228553266007
2015-05-01,29.750441367065598,28.01833983848276,-1.732101528582838,5,2015,29.001680842735148,26.88192228246395,-2.119758560271202,29,0.74876052433045,1.1364175560188094,0.38765703168836385,0.3876570316883594,0.4272071433190859
2015-06-01,29.620225897347215,27.83667035188286,-1.7835555454643561,6,2015,28.95491155394823,26.292777195469522,-2.6621343584787094,29,0.6653143433989861,1.5438931564133362,0.8785788130143533,0.8785788130143501,0.850624506430673
2015-07-01,29.377696459537006,27.494896652524396,-1.88279980701261,7,2015,28.791823880710215,25.584080783303573,-3.207743097406643,29,0.5858725788267911,1.9108158692208228,1.324943290394033,1.3249432903940317,1.2065310995727598
2015-08-01,29.0708910971029,26.918344267912996,-2.1525468291899053,8,2015,28.7117226587842,25.033123888959377,-3.6785987698248257,29,0.3591684383187008,1.885220378953619,1.5260519406349204,1.5260519406349182,1.4725116971510055
2015-09-01,29.26596343183357,26.94315271964186,-2.3228107121917105,9,2015,28.809879111961003,24.910017659108487,-3.8998614528525137,30,0.45608431987256637,2.033135060533372,1.5770507406608032,1.5770507406608054,1.6597029491337882
2015-10-01,29.367975758338126,27.364622745713223,-2.0033530126249026,10,2015,28.92041281342971,24.935688103711282,-3.984724709718428,30,0.44756294490841597,2.4289346420019413,1.9813716970935253,1.9813716970935253,1.7645892995701777
2015-11-01,30.042369173769348,27.842617407294025,-2.1997517664753232,11,2015,28.9739795748146,25.013209584956392,-3.960769989858201,30,1.0683895989547487,2.8294078223376324,1.761018223382878,1.7610182233828837,1.7742356925238318
2015-12-01,29.739088578129138,27.837516298051618,-1.90157228007752,12,2015,28.778553990862857,25.16765573708327,-3.61089825377959,30,0.9605345872662809,2.669860560968349,1.7093259737020698,1.709325973702068,1.6576913948281393
2016-01-01,29.40089465426336,28.114895853902294,-1.2859988003610674,1,2016,28.528958647172125,25.645348183104172,-2.883610464067951,29,0.8719360070912359,2.4695476707981214,1.5976116637068838,1.5976116637068856,1.4096038195465987
2016-02-01,29.30054543661299,28.263382948549136,-1.0371624880638528,2,2016,28.397628123556167,26.362734150725736,-2.0348939728304347,29,0.9029173130568218,1.9006487978234006,0.9977314847665819,0.9977314847665788,1.0416346057374604
2016-03-01,29.431254413506295,28.54450370936384,-0.8867507041424538,3,2016,28.505902064828412,26.97654277974315,-1.5293592850852682,29,0.9253523486778832,1.5679609296206927,0.6426085809428144,0.6426085809428095,0.5723541004850019
2016-04-01,29.454156238276305,27.999584902986044,-1.454571335290261,4,2016,28.76753315769216,27.234259200269864,-1.533273957422295,29,0.6866230805841447,0.7653257027161793,0.07870262213203416,0.0787026221320346,0.09850758007922082
2016-05-01,29.640160869445904,26.991303206820735,-2.6488576626251685,5,2016,29.001680842735148,26.88192228246395,-2.119758560271202,29,0.6384800267107558,0.1093809243567847,-0.5290991023539666,-0.5290991023539711,-0.2891960225991375
2016-06-01,29.574723471945614,26.441609665356292,-3.1331138065893214,6,2016,28.95491155394823,26.292777195469522,-2.6621343584787094,29,0.6198119179973851,0.14883246988677,-0.470979448110612,-0.4709794481106151,-0.5529121246749502
2016-07-01,29.30754420061022,25.280067138422712,-4.027477062187508,7,2016,28.791823880710215,25.584080783303573,-3.207743097406643,29,0.5157203199000051,-0.304013644880861,-0.8197339647808648,-0.8197339647808661,-0.6639518458118464
2016-08-01,29.186174238366682,24.724344344157362,-4.46182989420932,8,2016,28.7117226587842,25.033123888959377,-3.6785987698248257,29,0.47445157958248174,-0.3087795448020145,-0.783231124384494,-0.7832311243844963,-0.6502951947014086
2016-09-01,29.182444092578272,24.885827168946346,-4.296616923631927,9,2016,28.809879111961003,24.910017659108487,-3.8998614528525137,30,0.3725649806172697,-0.024190490162141032,-0.396755470779413,-0.39675547077941076,-0.5743108082444881
2016-10-01,29.128362001776416,24.593467207970505,-4.534894793805911,10,2016,28.92041281342971,24.935688103711282,-3.984724709718428,30,0.2079491883467064,-0.34222089574077685,-0.5501700840874832,-0.5501700840874832,-0.5150610968677802
2016-11-01,29.11581297119564,24.67027275571803,-4.44554021547761,11,2016,28.9739795748146,25.013209584956392,-3.960769989858201,30,0.14183339638104187,-0.34293682923836144,-0.4847702256194091,-0.4847702256194033,-0.4948788483471107
2016-12-01,29.149652143741456,24.986509277479396,-4.16314286626206,12,2016,28.778553990862857,25.16765573708327,-3.61089825377959,30,0.3710981528785986,-0.1811464596038732,-0.55224461248247,-0.5522446124824718,-0.4014098353317895
2017-01-01,28.900952955643582,25.72187677437721,-3.179076181266371,1,2017,28.528958647172125,25.645348183104172,-2.883610464067951,29,0.3719943084714572,0.07652859127303913,-0.29546571719841985,-0.2954657171984181,-0.17091208045983713
2017-02-01,28.681804306520043,26.929848672178984,-1.7519556343410585,2,2017,28.397628123556167,26.362734150725736,-2.0348939728304347,29,0.2841761829638756,0.5671145214532487,0.2829383384893762,0.2829383384893731,0.10783451880058173
2017-03-01,28.778750250860366,27.67299791664942,-1.105752334210944,3,2017,28.505902064828412,26.97654277974315,-1.5293592850852682,29,0.27284818603195404,0.6964551369062733,0.4236069508743241,0.4236069508743192,0.2787991452910356
2017-04-01,29.14996429819541,27.94677212387735,-1.2031921743180618,4,2017,28.76753315769216,27.234259200269864,-1.533273957422295,29,0.38243114050325033,0.7125129236074841,0.3300817831042333,0.33008178310423375,0.24332233973596804
2017-05-01,29.42915512221098,27.4169638543525,-2.01219126785848,5,2017,29.001680842735148,26.88192228246395,-2.119758560271202,29,0.42747427947583105,0.5350415718885486,0.107567292412722,0.10756729241271756,0.0689139895591048
2017-06-01,29.521309197325316,26.582254714910775,-2.939054482414541,6,2017,28.95491155394823,26.292777195469522,-2.6621343584787094,29,0.566397643377087,0.28947751944125244,-0.27692012393583143,-0.27692012393583454,-0.11039541245239007
2017-07-01,29.260218476637018,25.866082155909215,-3.394136320727803,7,2017,28.791823880710215,25.584080783303573,-3.207743097406643,29,0.468394595926803,0.2820013726056416,-0.18639322332116004,-0.18639322332116137,-0.2609688165531601
2017-08-01,29.118504418907552,25.129237205018452,-3.9892672138891,8,2017,28.7117226587842,25.033123888959377,-3.6785987698248257,29,0.40678176012335143,0.0961133160590748,-0.3106684440642744,-0.3106684440642766,-0.40383196464494564
2017-09-01,29.10171506854292,24.47099912192472,-4.630715946618199,9,2017,28.809879111961003,24.910017659108487,-3.8998614528525137,30,0.29183595658191663,-0.4390185371837667,-0.7308544937656856,-0.7308544937656833,-0.5631626200920066
2017-10-01,29.193236241352487,24.633865007348177,-4.55937123400431,10,2017,28.92041281342971,24.935688103711282,-3.984724709718428,30,0.27282342792277703,-0.3018230963631048,-0.5746465242858818,-0.5746465242858818,-0.7484473766993399
2017-11-01,29.187888499912397,24.234923172384487,-4.9529653275279095,11,2017,28.9739795748146,25.013209584956392,-3.960769989858201,30,0.21390892509779746,-0.7782864125719051,-0.9921953376697084,-0.9921953376697026,-0.9394611018821092
2017-12-01,28.95361071152819,24.139747972870502,-4.813862738657686,12,2017,28.778553990862857,25.16765573708327,-3.61089825377959,30,0.1750567206653315,-1.0279077642127668,-1.2029644848780965,-1.2029644848780983,-1.0804842380797337
2018-01-01,28.811779145354414,24.687104330637606,-4.124674814716808,1,2018,28.528958647172125,25.645348183104172,-2.883610464067951,29,0.28282049818228927,-0.9582438524665662,-1.2410643506488572,-1.2410643506488555,-1.0876109394986757
2018-02-01,28.607578363821677,25.6931570627884,-2.9144213010332756,2,2018,28.397628123556167,26.362734150725736,-2.0348939728304347,29,0.2099502402655098,-0.6695770879373342,-0.8795273282028409,-0.879527328202844,-0.9760665239889345
2018-03-01,28.728245721106656,26.35148334154523,-2.376762379561427,3,2018,28.505902064828412,26.97654277974315,-1.5293592850852682,29,0.2223436562782446,-0.6250594381979191,-0.8474030944761588,-0.8474030944761637,-0.8167401646041836
2018-04-01,29.100106662398296,26.840510550173295,-2.259596112225001,4,2018,28.76753315769216,27.234259200269864,-1.533273957422295,29,0.33257350470613645,-0.393748650096569,-0.7263221548027059,-0.7263221548027055,-0.6251283216112512
2018-05-01,29.346053413979952,26.87363805602868,-2.4724153579512738,5,2018,29.001680842735148,26.88192228246395,-2.119758560271202,29,0.34437257124480425,-0.008284226435272046,-0.35265679768007185,-0.3526567976800763,-0.40198377057853085
2018-06-01,29.379010288777298,26.60033169484593,-2.7786785939313674,6,2018,28.95491155394823,26.292777195469522,-2.6621343584787094,29,0.42409873482906946,0.30755449937640833,-0.11654423545265802,-0.11654423545266113,-0.22542091494205904
2018-07-01,29.211283763323827,25.96636487493735,-3.2449188883864757,7,2018,28.791823880710215,25.584080783303573,-3.207743097406643,29,0.4194598826136122,0.3822840916337782,-0.0371757909798327,-0.037175790979834034,-0.16391712517162924
2018-08-01,29.28771743645433,25.266064549917846,-4.021652886536483,8,2018,28.7117226587842,25.033123888959377,-3.6785987698248257,29,0.5759947776701289,0.23294066095846944,-0.3430541167116572,-0.3430541167116594,-0.14819602858194061
2018-09-01,29.250033019903526,25.26332108308381,-3.9867119368197166,9,2018,28.809879111961003,24.910017659108487,-3.8998614528525137,30,0.4401539079425234,0.3533034239753228,-0.08685048396720285,-0.08685048396720063,-0.06458573091517912
2018-10-01,29.70340987138871,25.80117234582739,-3.902237525561322,10,2018,28.92041281342971,24.935688103711282,-3.984724709718428,30,0.7829970579590011,0.8654842421161071,0.08248718415710599,0.08248718415710599,0.0897851617503522
2018-11-01,29.650960148022676,26.081439911694623,-3.569520236328053,11,2018,28.9739795748146,25.013209584956392,-3.960769989858201,30,0.6769805732080769,1.068230326738231,0.39124975353014824,0.391249753530154,0.19655413525128734
2018-12-01,29.64834487917249,26.214776137791524,-3.4335687413809666,12,2018,28.778553990862857,25.16765573708327,-3.61089825377959,30,0.8697908883096339,1.0471204007082555,0.17732951239862338,0.1773295123986216,0.19536951011559944
2019-01-01,29.23647734459363,26.45391788372055,-2.782559460873081,1,2019,28.528958647172125,25.645348183104172,-2.883610464067951,29,0.7075186974215057,0.8085697006163777,0.10105100319487015,0.10105100319487192,0.13760207170182867
2019-02-01,29.012978860671762,27.053811505301866,-1.959167355369896,2,2019,28.397628123556167,26.362734150725736,-2.0348939728304347,29,0.6153507371155946,0.6910773545761302,0.07572661746053866,0.07572661746053555,0.11261243808002493
2019-03-01,29.18317903261242,27.75042245206198,-1.4327565805504392,3,2019,28.505902064828412,26.97654277974315,-1.5293592850852682,29,0.6772769677840067,0.7738796723188308,0.096602704534829,0.09660270453482411,0.1483854158621963
2019-04-01,29.280946615716942,28.02582480982507,-1.2551218058918714,4,2019,28.76753315769216,27.234259200269864,-1.533273957422295,29,0.5134134580247824,0.7915656095552066,0.2781521515304237,0.27815215153042416,0.17925970883691428
2019-05-01,29.557043172680313,27.668811474448393,-1.8882316982319196,5,2019,29.001680842735148,26.88192228246395,-2.119758560271202,29,0.5553623299451651,0.786889191984443,0.2315268620392823,0.23152686203927786,0.11890803204476559
2019-06-01,29.55905415661466,26.875312380874355,-2.6837417757403053,6,2019,28.95491155394823,26.292777195469522,-2.6621343584787094,29,0.6041426026664318,0.5825351854048328,-0.021607417261595874,-0.021607417261598982,-0.059429316316254144
2019-07-01,29.382921262573216,25.80973019420532,-3.5731910683678976,7,2019,28.791823880710215,25.584080783303573,-3.207743097406643,29,0.5910973818630012,0.22564941090174528,-0.3654479709612546,-0.3654479709612559,-0.2887683139830209
2019-08-01,29.210373908364225,25.028664187026227,-4.181709721337999,8,2019,28.7117226587842,25.033123888959377,-3.6785987698248257,29,0.4986512495800248,-0.004459701933150484,-0.5031109515131731,-0.5031109515131753,-0.47474150896154665
2019-09-01,29.244419547082238,24.683758454563517,-4.560661092518721,9,2019,28.809879111961003,24.910017659108487,-3.8998614528525137,30,0.4345404351212352,-0.22625920454497006,-0.6607996396662075,-0.6607996396662053,-0.5361812928443241
2019-10-01,29.697593063564277,25.128764301503963,-4.568828762060313,10,2019,28.92041281342971,24.935688103711282,-3.984724709718428,30,0.7771802501345668,0.19307619779268137,-0.5841040523418854,-0.5841040523418854,-0.48028550814073473
2019-11-01,29.64858428473876,25.52393032193993,-4.124653962798831,11,2019,28.9739795748146,25.013209584956392,-3.960769989858201,30,0.6746047099241608,0.5107207369835365,-0.16388397294063006,-0.1638839729406243,-0.42010673680093813
2019-12-01,29.629166765291902,25.568420412524723,-4.060746352767179,12,2019,28.778553990862857,25.16765573708327,-3.61089825377959,30,0.8506127744290453,0.40076467544145444,-0.44984809898758904,-0.4498480989875908,-0.4528506627508194
2020-01-01,29.457909538214835,25.951210217952777,-3.506699320262058,1,2020,28.528958647172125,25.645348183104172,-2.883610464067951,29,0.9289508910427102,0.3058620348486052,-0.6230888561941068,-0.623088856194105,-0.5526571369674071
2020-02-01,29.33309661614895,26.608409626005134,-2.724686990143816,2,2020,28.397628123556167,26.362734150725736,-2.0348939728304347,29,0.9354684925927828,0.24567547527939837,-0.6897930173133813,-0.6897930173133844,-0.5834766388067624
2020-03-01,29.36654665567101,27.280464473596822,-2.086082182074186,3,2020,28.505902064828412,26.97654277974315,-1.5293592850852682,29,0.8606445908425968,0.30392169385367396,-0.556722896988918,-0.5567228969889229,-0.5070038525260684
2020-04-01,29.488666823374405,27.70212862806115,-1.7865381953132555,4,2020,28.76753315769216,27.234259200269864,-1.533273957422295,29,0.7211336656822454,0.4678694277912854,-0.2532642378909604,-0.25326423789096,-0.4604286133612494
2020-05-01,29.442834266344644,26.918181685523425,-2.5246525808212184,5,2020,29.001680842735148,26.88192228246395,-2.119758560271202,29,0.44115342360949583,0.03625940305947495,-0.40489402055001644,-0.4048940205500209,-0.5504882934320445
2020-06-01,29.538466891347838,25.93888989402816,-3.5995769973196765,6,2020,28.95491155394823,26.292777195469522,-2.6621343584787094,29,0.5835553373996092,-0.35388730144136105,-0.9374426388409671,-0.9374426388409702,-0.7073838877032959
2020-07-01,29.377828717520266,25.312645708313855,-4.065183009206411,7,2020,28.791823880710215,25.584080783303573,-3.207743097406643,29,0.5860048368100514,-0.27143507498971786,-0.857439911799768,-0.8574399117997693,-0.8056965703271591
2020-08-01,29.032421924034185,24.65525309207399,-4.377168831960194,8,2020,28.7117226587842,25.033123888959377,-3.6785987698248257,29,0.32069926524998493,-0.37787079688538583,-0.6985700621353685,-0.6985700621353708,-0.8233045936505454
2020-09-01,29.01860923631012,24.19308071020979,-4.825528526100328,9,2020,28.809879111961003,24.910017659108487,-3.8998614528525137,30,0.20873012434911686,-0.7169369488986952,-0.9256670732478143,-0.9256670732478121,-0.8225555017838287
2020-10-01,28.986591285114468,24.203255294114683,-4.783335990999785,10,2020,28.92041281342971,24.935688103711282,-3.984724709718428,30,0.06617847168475777,-0.7324328095965988,-0.7986112812813566,-0.7986112812813566,-0.808683483465198
2020-11-01,29.004904911383367,24.22512113516042,-4.779783776222946,11,2020,28.9739795748146,25.013209584956392,-3.960769989858201,30,0.030925336568767392,-0.7880884497959713,-0.8190137863647444,-0.8190137863647386,-0.7253306613914051
2020-12-01,28.7401426441728,24.552100354909303,-4.188042289263496,12,2020,28.778553990862857,25.16765573708327,-3.61089825377959,30,-0.03841134669005797,-0.6155553821739659,-0.5771440354839061,-0.5771440354839079,-0.6038540929164227
2021-01-01,28.41347612983594,25.154885898073704,-3.258590231762234,1,2021,28.528958647172125,25.645348183104172,-2.883610464067951,29,-0.11548251733618642,-0.4904622850304676,-0.374979767694283,-0.3749797676942812,-0.521121284660981
2021-02-01,28.322961399083006,25.730986396649563,-2.5919750024334434,2,2021,28.397628123556167,26.362734150725736,-2.0348939728304347,29,-0.07466672447316114,-0.6317477540761729,-0.5570810296030086,-0.5570810296030118,-0.5299455485089323
2021-03-01,28.713704917937072,26.652498269322653,-2.0612066486144194,3,2021,28.505902064828412,26.97654277974315,-1.5293592850852682,29,0.2078028531086602,-0.32404451042049587,-0.5318473635291512,-0.5318473635291561,-0.5967367024420548
2021-04-01,29.032450855546315,26.665779863583076,-2.3666709919632396,4,2021,28.76753315769216,27.234259200269864,-1.533273957422295,29,0.2649176978541554,-0.5684793366867886,-0.8333970345409445,-0.833397034540944,-0.5916817023019894
2021-05-01,29.250270215952177,26.643474640619065,-2.6067955753331127,5,2021,29.001680842735148,26.88192228246395,-2.119758560271202,29,0.24858937321702967,-0.23844764184488554,-0.48703701506191077,-0.4870370150619152,-0.4689847315513598
2021-06-01,29.2786312150117,26.46363873244909,-2.8149924825626087,6,2021,28.95491155394823,26.292777195469522,-2.6621343584787094,29,0.32371966106347116,0.17086153697956874,-0.15285812408389932,-0.15285812408390242,-0.3288389855529642
2021-07-01,29.110732408051653,25.71393343168002,-3.3967989763716346,7,2021,28.791823880710215,25.584080783303573,-3.207743097406643,29,0.3189085273414385,0.1298526483764455,-0.18905587896499165,-0.18905587896499298,-0.27959725347977105
2021-08-01,29.146948340032324,24.995389956529177,-4.151558383503147,8,2021,28.7117226587842,25.033123888959377,-3.6785987698248257,29,0.43522568124812366,-0.03773393243019996,-0.4729596136783214,-0.4729596136783236,-0.31941054292791266
2021-09-01,28.991268418799326,24.8569536683981,-4.134314750401227,9,2021,28.809879111961003,24.910017659108487,-3.8998614528525137,30,0.181389306838323,-0.053063990710388254,-0.23445329754871347,-0.23445329754871125,-0.3908581601915139
2021-10-01,29.04070804429712,24.53828092778204,-4.502427116515079,10,2021,28.92041281342971,24.935688103711282,-3.984724709718428,30,0.12029523086740923,-0.39740717592924213,-0.5177024067966514,-0.5177024067966514,-0.5040081033570796
2021-11-01,28.99147994598536,24.439267164413756,-4.552212781571605,11,2021,28.9739795748146,25.013209584956392,-3.960769989858201,30,0.017500371170761753,-0.573942420542636,-0.5914427917134035,-0.5914427917133978,-0.7042900761683247
2021-12-01,28.71172673012376,24.074188744710494,-4.6375379854132674,12,2021,28.778553990862857,25.16765573708327,-3.61089825377959,30,-0.06682726073909606,-1.0934669923727753,-1.0266397316336775,-1.0266397316336793,-0.9365343529352365
2022-01-01,28.779748773251637,24.677908274857103,-4.101840498394534,1,2022,28.528958647172125,25.645348183104172,-2.883610464067951,29,0.25079012607951157,-0.9674399082470693,-1.2182300343265826,-1.2182300343265808,-1.0498944619166528
2022-02-01,28.629614589880003,25.40958819327805,-3.220026396601952,2,2022,28.397628123556167,26.362734150725736,-2.0348939728304347,29,0.23198646632383557,-0.9531459574476848,-1.1851324237715173,-1.1851324237715204,-0.9557605903023227
2022-03-01,28.566686950707656,26.53827351785787,-2.028413432849785,3,2022,28.505902064828412,26.97654277974315,-1.5293592850852682,29,0.06078488587924369,-0.4382692618852779,-0.49905414776451673,-0.4990541477645216,-0.7443738933690893
2022-04-01,28.646741582116608,26.563362514059484,-2.0833790680571234,4,2022,28.76753315769216,27.234259200269864,-1.533273957422295,29,-0.1207915755755522,-0.67089668621038,-0.5501051106348283,-0.5501051106348278,-0.5800782225706114
2022-05-01,28.835556184350946,26.203470132254356,-2.6320860520965894,5,2022,29.001680842735148,26.88192228246395,-2.119758560271202,29,-0.1661246583842022,-0.6784521502095942,-0.5123274918253875,-0.512327491825392,-0.4900824709174483
2022-06-01,29.059851589422735,25.85647634517723,-3.2033752442455032,6,2022,28.95491155394823,26.292777195469522,-2.6621343584787094,29,0.10494003547450603,-0.43630085029229093,-0.5412408857667939,-0.541240885766797,-0.38916507935634514
2022-07-01,28.604380676565015,25.338050032419925,-3.2663306441450892,7,2022,28.791823880710215,25.584080783303573,-3.207743097406643,29,-0.18744320414520033,-0.2460307508836479,-0.05858754673844624,-0.05858754673844757,-0.30234429910560673
2022-08-01,28.565030799929986,24.644264847222523,-3.9207659527074625,8,2022,28.7117226587842,25.033123888959377,-3.6785987698248257,29,-0.14669185885421498,-0.38885904173685404,-0.24216718288263683,-0.24216718288263905,-0.3149070243471352
2022-09-01,28.628813400993483,24.197722243601152,-4.431091157392331,9,2022,28.809879111961003,24.910017659108487,-3.8998614528525137,30,-0.18106571096751978,-0.7122954155073344,-0.5312297045398169,-0.5312297045398147,-0.4202650545348613
2022-10-01,28.617268567739472,24.133020936987553,-4.48424763075192,10,2022,28.92041281342971,24.935688103711282,-3.984724709718428,30,-0.30314424569023757,-0.8026671667237295,-0.49952292103349194,-0.49952292103349194,-0.5279090020615178
2022-11-01,28.883133969035413,24.287760001404976,-4.595373967630437,11,2022,28.9739795748146,25.013209584956392,-3.960769989858201,30,-0.09084560577918666,-0.7254495835514163,-0.6346039777722354,-0.6346039777722297,-0.5709432071100791
2022-12-01,28.73998067399768,24.53193430943264,-4.2080463645650426,12,2022,28.778553990862857,25.16765573708327,-3.61089825377959,30,-0.0385733168651754,-0.6357214276506298,-0.5971481107854526,-0.5971481107854544,-0.5252954650507369
2023-01-01,28.59517866166258,25.21990842335927,-3.375270238303308,1,2023,28.528958647172125,25.645348183104172,-2.883610464067951,29,0.06622001449045456,-0.42543975974490067,-0.491659774235357,-0.49165977423535523,-0.3607509968053746
2023-02-01,28.43142572215135,26.35989278891015,-2.0715329332411976,2,2023,28.397628123556167,26.362734150725736,-2.0348939728304347,29,0.033797598595182166,-0.0028413618155838094,-0.036638960410762866,-0.036638960410765975,-0.1258491393032579
2023-03-01,28.88847175859195,27.532704800144497,-1.3557669584474539,3,2023,28.505902064828412,26.97654277974315,-1.5293592850852682,29,0.3825696937635392,0.5561620204013487,0.17359232663781432,0.17359232663780944,0.10418269778548472
2023-04-01,29.393974803238912,28.048417469398654,-1.345557333840258,4,2023,28.76753315769216,27.234259200269864,-1.533273957422295,29,0.6264416455467519,0.8141582691287894,0.1877166235820371,0.18771662358203756,0.3224810505180947
2023-05-01,29.58067438511903,28.05516567644392,-1.5255087086751082,5,2023,29.001680842735148,26.88192228246395,-2.119758560271202,29,0.5789935423838806,1.1732433939799698,0.5942498515960937,0.5942498515960892,0.5662875309175905
2023-06-01,29.672267474935218,27.862151654054536,-1.8101158208806822,6,2023,28.95491155394823,26.292777195469522,-2.6621343584787094,29,0.7173559209869893,1.5693744585850133,0.8520185375980271,0.852018537598024,0.8383800191353418
2023-07-01,29.559844334280186,27.477754391322247,-2.082089942957939,7,2023,28.791823880710215,25.584080783303573,-3.207743097406643,29,0.7680204535699708,1.8936736080186733,1.1256531544487038,1.1256531544487025,1.06885419910041
2023-08-01,29.52135845871237,27.147820126403108,-2.3735383323092627,8,2023,28.7117226587842,25.033123888959377,-3.6785987698248257,29,0.80963579992817,2.114696237443731,1.305060437515563,1.3050604375155608,1.1980534099989488
2023-09-01,29.646589028977296,27.00487857059802,-2.6417104583792757,9,2023,28.809879111961003,24.910017659108487,-3.8998614528525137,30,0.836709917016293,2.0948609114895334,1.258150994473238,1.2581509944732403,1.2173326244099314
2023-10-01,29.843282640293545,27.011526116136398,-2.8317565241571465,10,2023,28.92041281342971,24.935688103711282,-3.984724709718428,30,0.9228698268638347,2.075838012425116,1.1529681855612814,1.1529681855612814,1.1571960259481975
2023-11-01,30.10077585900737,27.215654360496156,-2.8851214985112144,11,2023,28.9739795748146,25.013209584956392,-3.960769989858201,30,1.1267962841927712,2.202444775539764,1.0756484913469868,1.0756484913469926,1.0418100230797236
2023-12-01,29.912460283507908,27.269582703885327,-2.6428775796225814,12,2023,28.778553990862857,25.16765573708327,-3.61089825377959,30,1.133906292645051,2.1019269668020577,0.9680206741570085,0.9680206741570068,0.8711231447395635
2024-01-01,29.80283556954049,27.497233843413166,-2.3056017261273247,1,2024,28.528958647172125,25.645348183104172,-2.883610464067951,29,1.2738769223683661,1.8518856603089944,0.5780087379406265,0.5780087379406282,0.6569700338211449
2024-02-01,29.437031032852264,27.869592226844436,-1.5674388060078286,2,2024,28.397628123556167,26.362734150725736,-2.0348939728304347,29,1.039402909296097,1.5068580761187,0.4674551668226061,0.467455166822603,0.410566061114716
2024-03-01,29.393106737723343,28.053276892443478,-1.3398298452798656,3,2024,28.505902064828412,26.97654277974315,-1.5293592850852682,29,0.8872046728949314,1.0767341127003291,0.1895294398054026,0.18952943980539771,0.10261871816079227
2024-04-01,29.728935852507455,27.98199875377623,-1.7469370987312232,4,2024,28.76753315769216,27.234259200269864,-1.533273957422295,29,0.9614026948152947,0.7477395535063671,-0.21366314130892805,-0.2136631413089276,-0.27403198534300854
2024-05-01,29.920021609080237,26.93418509303527,-2.985836516044966,5,2024,29.001680842735148,26.88192228246395,-2.119758560271202,29,0.9183407663450893,0.05226281057132098,-0.8660779557737639,-0.8660779557737683,-0.6022694700390963
2024-06-01,29.84897702228616,26.315301786009538,-3.533675236276622,6,2024,28.95491155394823,26.292777195469522,-2.6621343584787094,29,0.8940654683379314,0.022524590540015765,-0.8715408777979126,-0.8715408777979157,-0.7715123346780691
2024-07-01,29.613807183171552,25.70922488590593,-3.9045822972656232,7,2024,28.791823880710215,25.584080783303573,-3.207743097406643,29,0.8219833024613372,0.12514410260235564,-0.6968391998589802,-0.6968391998589816,-0.7926333159506763
2024-08-01,29.538781344206544,24.9906126776437,-4.5481686665628445,8,2024,28.7117226587842,25.033123888959377,-3.6785987698248257,29,0.8270586854223438,-0.042511211315677144,-0.8695698967380188,-0.869569896738021,-0.7426805430077443
2024-09-01,29.413282876655106,24.878588711211954,-4.5346941654431525,9,2024,28.809879111961003,24.910017659108487,-3.8998614528525137,30,0.6034037646941037,-0.03142894789653283,-0.6348327125906388,-0.6348327125906366,-0.6591710376773214
2024-10-01,29.49658435302066,24.944529329308143,-4.552055023712516,10,2024,28.92041281342971,24.935688103711282,-3.984724709718428,30,0.5761715395909484,0.008841225596860625,-0.5673303139940877,-0.5673303139940877,-0.5506979637779694
2024-11-01,29.56828944971298,25.24433769014478,-4.323951759568203,11,2024,28.9739795748146,25.013209584956392,-3.960769989858201,30,0.5943098748983822,0.231128105188386,-0.36318176971000193,-0.36318176970999616,-0.46613348739456634
2024-12-01,29.038707943956144,24.952368724457212,-4.086339219498932,12,2024,28.778553990862857,25.16765573708327,-3.61089825377959,30,0.2601539530932868,-0.21528701262605665,-0.4754409657193417,-0.47544096571934347,-0.3944138019308438
2025-01-01,28.75206661314883,25.490727930917018,-3.2613386822318127,1,2025,28.528958647172125,25.645348183104172,-2.883610464067951,29,0.22310796597670546,-0.15462025218715425,-0.3777282181638615,-0.3777282181638597,-0.24535956265958347
2025-02-01,28.620721058037145,26.54468560252963,-2.0760354555075153,2,2025,28.397628123556167,26.362734150725736,-2.0348939728304347,29,0.22309293448097733,0.1819514518038936,-0.04114148267708062,-0.04114148267708373,-0.023521604708274385
2025-03-01,28.765606219942228,27.715774170496672,-1.0498320494455555,3,2025,28.505902064828412,26.97654277974315,-1.5293592850852682,29,0.25970415511381617,0.739231390753524,0.47952723563971267,0.4795272356397078,0.09947124501740388
2025-04-01,29.001485698106347,27.52056232818487,-1.4809233699214772,4,2025,28.76753315769216,27.234259200269864,-1.533273957422295,29,0.23395254041418667,0.286303127915005,0.05235058750081789,0.052350587500818335,0.014328220029558636
2025-05-01,29.404090805860758,26.9039791469322,-2.5001116589285566,5,2025,29.001680842735148,26.88192228246395,-2.119758560271202,29,0.40240996312560995,0.022056864468250836,-0.38035309865735467,-0.3803530986573591,-0.16838224481863998
2025-06-01,29.48976693748311,26.53378794108584,-2.9559789963972705,6,2025,28.95491155394823,26.292777195469522,-2.6621343584787094,29,0.5348553835348824,0.2410107456163182,-0.2938446379185611,-0.2938446379185642,-0.29900225081924103
2025-07-01,29.323679763185787,25.8617170381984,-3.461962724987387,7,2025,28.791823880710215,25.584080783303573,-3.207743097406643,29,0.5318558824755719,0.27763625489482635,-0.25421962758074423,-0.25421962758074557,-0.3789397046869953
2025-08-01,29.19681274370629,24.956933106938294,-4.239879636767995,8,2025,28.7117226587842,25.033123888959377,-3.6785987698248257,29,0.4850900849220885,-0.07619078202108298,-0.5612808669431693,-0.5612808669431715,-0.4585715076617735
2025-09-01,29.085910785700168,24.601381000169233,-4.484529785530935,9,2025,28.809879111961003,24.910017659108487,-3.8998614528525137,30,0.2760316737391655,-0.3086366589392533,-0.584668332678421,-0.5846683326784188,-0.5083203891635373
2025-10-01,29.167714459904232,24.735763644713256,-4.4319508151909766,10,2025,28.92041281342971,24.935688103711282,-3.984724709718428,30,0.24730164647452213,-0.19992445899802647,-0.4472261054725486,-0.4472261054725486,-0.5313988545490598
2025-11-01,29.018024416890583,24.575823632611517,-4.442200784279066,11,2025,28.9739795748146,25.013209584956392,-3.960769989858201,30,0.04404484207598358,-0.43738595234487576,-0.4814307944208651,-0.48143079442085934,-0.6018854855834386
2025-12-01,29.03570165864052,24.596499820403434,-4.439201838237086,12,2025,28.778553990862857,25.16765573708327,-3.61089825377959,30,0.2571476677776623,-0.5711559166798352,-0.8283035844574957,-0.8283035844574975,-0.7000972413040525
2026-01-01,28.99617666745233,25.22692095653513,-3.7692557109172,1,2026,28.528958647172125,25.645348183104172,-2.883610464067951,29,0.4672180202802032,-0.41842722656904385,-0.8856452468492488,-0.8856452468492471,-0.6858561230434106
2026-02-01,29.032951594756057,26.458559293389865,-2.574392301366192,2,2026,28.397628123556167,26.362734150725736,-2.0348939728304347,29,0.6353234711998894,0.095825142664129,-0.5394983285357573,-0.5394983285357604,-0.48436074835803583
2026-03-01,29.045932786300096,27.41371754549152,-1.632215240808577,3,2026,28.505902064828412,26.97654277974315,-1.5293592850852682,29,0.540030721471684,0.4371747657483702,-0.10285595572330886,-0.10285595572331374,-0.17299831477983912
2026-04-01,29.474169611098194,28.080367179697667,-1.3938024314005268,4,2026,28.76753315769216,27.234259200269864,-1.533273957422295,29,0.7066364534060341,0.8461079794278028,0.13947152602176827,0.1394715260217687,0.17195349796348763
2026-05-01,29.946442513570627,28.247853653225807,-1.6985888603448203,5,2026,29.001680842735148,26.88192228246395,-2.119758560271202,29,0.9447616708354794,1.3659313707618566,0.42116969992638165,0.4211696999263772,0.5842224019596568
2026-06-01,29.90169167809655,28.32967028701916,-1.5720213910773921,6,2026,28.95491155394823,26.292777195469522,-2.6621343584787094,29,0.9467801241483222,2.0368930915496364,1.0901129674013172,1.0901129674013141,1.1350169521850857
2026-07-01,29.608337065295885,28.14068646715365,-1.4676505981422352,7,2026,28.791823880710215,25.584080783303573,-3.207743097406643,29,0.8165131845856699,2.5566056838500764,1.7400924992644078,1.7400924992644065,
2026-08-01,29.305808277914267,28.263702941111063,-1.0421053368032034,8,2026,28.7117226587842,25.033123888959377,-3.6785987698248257,29,0.5940856191300661,3.230579052151686,2.6364934330216223,2.63649343302162,
